Start;Stop;;;;
0;0,025;55;103;58;123
0,0125;0,0375;65;135;72;165
0,025;0,05;51;139;74;188
0,0375;0,0625;54;122;97;201
0,05;0,075;71;123;115;209
0,0625;0,0875;68;109;134;229
0,075;0,1;75;116;162;231
0,0875;0,1125;59;139;159;220
0,1;0,125;48;147;106;189
0,1125;0,1375;68;157;79;178
0,125;0,15;110;175;91;190
0,1375;0,1625;109;169;98;186
0,15;0,175;48;173;134;203
0,1625;0,1875;49;201;179;229
0,175;0,2;64;192;188;235
0,1875;0,2125;48;177;174;231
0,2;0,225;58;179;159;224
0,2125;0,2375;59;170;127;216
0,225;0,25;65;167;74;205
0,2375;0,2625;74;156;44;196
0,25;0,275;63;130;48;189
0,2625;0,2875;72;132;42;190
0,275;0,3;67;124;47;193
0,2875;0,3125;45;113;67;189
0,3;0,325;44;132;52;194
0,3125;0,3375;73;149;80;208
0,325;0,35;64;142;136;214
0,3375;0,3625;47;135;152;209
0,35;0,375;61;142;142;208
0,3625;0,3875;51;142;112;207
0,375;0,4;49;157;65;186
0,3875;0,4125;42;153;43;176
0,4;0,425;56;144;74;182
0,4125;0,4375;69;126;98;194
0,425;0,45;42;102;104;208
0,4375;0,4625;52;113;115;193
0,45;0,475;68;133;108;173
0,4625;0,4875;83;163;71;175
0,475;0,5;82;161;65;183
0,4875;0,5125;77;155;87;174
0,5;0,525;81;155;88;162
0,5125;0,5375;79;152;74;178
0,525;0,55;89;156;73;175
0,5375;0,5625;78;153;83;171
0,55;0,575;53;134;94;177
0,5625;0,5875;39;129;102;174
0,575;0,6;51;143;110;175
0,5875;0,6125;51;147;95;180
0,6;0,625;60;154;64;186
0,6125;0,6375;75;164;77;172
0,625;0,65;71;166;81;169
0,6375;0,6625;78;163;88;180
0,65;0,675;79;147;100;181
0,6625;0,6875;73;137;85;182
0,675;0,7;57;135;57;182
0,6875;0,7125;38;143;56;184
0,7;0,725;40;150;90;190
0,7125;0,7375;48;134;88;185
0,725;0,75;52;140;86;184
0,7375;0,7625;59;154;94;192
0,75;0,775;40;132;71;199
0,7625;0,7875;33;131;61;185
0,775;0,8;56;163;68;170
0,7875;0,8125;62;185;41;171
0,8;0,825;51;188;33;177
0,8125;0,8375;47;152;69;184
0,825;0,85;35;128;95;183
0,8375;0,8625;31;124;97;191
0,85;0,875;48;130;77;195
0,8625;0,8875;70;163;86;189
0,875;0,9;88;189;99;189
0,8875;0,9125;103;195;98;188
0,9;0,925;94;186;106;182
0,9125;0,9375;85;187;114;188
0,925;0,95;94;180;126;202
0,9375;0,9625;71;174;122;204
0,95;0,975;57;171;115;196
0,9625;0,9875;102;178;108;191
0,975;1;140;193;83;194
0,9875;1,0125;118;180;69;192
1;1,025;92;166;77;180
1,0125;1,0375;66;140;70;180
1,025;1,05;47;139;77;177
1,0375;1,0625;74;172;85;173
1,05;1,075;101;184;69;175
1,0625;1,0875;100;185;73;167
1,075;1,1;98;183;71;150
1,0875;1,1125;84;167;76;145
1,1;1,125;81;153;96;163
1,1125;1,1375;94;163;99;180
1,125;1,15;81;168;83;174
1,1375;1,1625;64;172;84;163
1,15;1,175;65;177;98;159
1,1625;1,1875;66;163;96;174
1,175;1,2;82;162;92;184
1,1875;1,2125;92;176;81;188
1,2;1,225;57;149;42;147
1,2125;1,2375;28;150;16;112
1,225;1,25;38;167;19;145
1,2375;1,2625;33;142;17;153
1,25;1,275;30;123;19;106
1,2625;1,2875;32;111;20;84
1,275;1,3;24;104;16;89
1,2875;1,3125;26;96;15;88
1,3;1,325;26;85;20;96
1,3125;1,3375;22;77;21;94
1,325;1,35;26;85;16;76
1,3375;1,3625;27;98;14;63
1,35;1,375;19;103;11;81
1,3625;1,3875;20;113;13;94
1,375;1,4;25;97;17;96
1,3875;1,4125;29;72;18;99
1,4;1,425;26;74;14;91
1,4125;1,4375;27;68;12;94
1,425;1,45;33;71;19;93
1,4375;1,4625;28;80;25;72
1,45;1,475;18;90;20;74
1,4625;1,4875;22;107;13;88
1,475;1,5;33;125;19;119
1,4875;1,5125;29;143;26;144
1,5;1,525;33;151;29;153
1,5125;1,5375;48;151;37;172
1,525;1,55;45;129;35;159
1,5375;1,5625;34;100;23;122
1,55;1,575;39;76;25;109
1,5625;1,5875;43;68;32;110
1,575;1,6;38;66;28;102
1,5875;1,6125;39;64;30;89
1,6;1,625;42;65;36;79
1,6125;1,6375;46;62;39;81
1,625;1,65;40;68;37;87
1,6375;1,6625;44;78;32;104
1,65;1,675;49;81;41;120
1,6625;1,6875;42;67;40;108
1,675;1,7;38;63;31;95
1,6875;1,7125;41;83;28;92
1,7;1,725;48;105;33;83
1,7125;1,7375;53;115;45;102
1,725;1,75;44;99;43;110
1,7375;1,7625;31;87;39;105
1,75;1,775;50;121;44;112
1,7625;1,7875;68;147;43;102
1,775;1,8;65;145;51;106
1,7875;1,8125;57;150;64;114
1,8;1,825;45;139;56;118
1,8125;1,8375;54;153;45;123
1,825;1,85;83;186;49;127
1,8375;1,8625;98;188;58;155
1,85;1,875;103;180;72;177
1,8625;1,8875;110;175;87;182
1,875;1,9;84;167;112;188
1,8875;1,9125;52;150;128;187
1,9;1,925;55;139;129;192
1,9125;1,9375;70;151;123;190
1,925;1,95;71;140;91;181
1,9375;1,9625;69;145;79;193
1,95;1,975;68;177;75;199
1,9625;1,9875;63;181;75;188
1,975;2;71;162;77;200
1,9875;2,0125;64;157;85;213
2;2,025;57;170;108;203
2,0125;2,0375;54;172;108;207
2,025;2,05;35;139;95;205
2,0375;2,0625;44;141;75;199
2,05;2,075;63;148;46;192
2,0625;2,0875;50;128;45;169
2,075;2,1;37;123;60;155
2,0875;2,1125;40;109;74;172
2,1;2,125;48;126;100;195
2,1125;2,1375;65;151;127;209
2,125;2,15;62;150;126;211
2,1375;2,1625;44;139;98;177
2,15;2,175;51;124;97;144
2,1625;2,1875;74;123;112;140
2,175;2,2;80;137;119;140
2,1875;2,2125;73;138;118;140
2,2;2,225;76;132;112;135
2,2125;2,2375;86;142;101;127
2,225;2,25;81;152;106;133
2,2375;2,2625;71;139;108;139
2,25;2,275;72;127;97;126
2,2625;2,2875;76;146;103;128
2,275;2,3;78;165;104;129
2,2875;2,3125;69;155;102;122
2,3;2,325;78;151;106;136
2,3125;2,3375;83;155;103;143
2,325;2,35;81;153;99;139
2,3375;2,3625;73;151;98;138
2,35;2,375;82;156;101;136
2,3625;2,3875;92;154;103;132
2,375;2,4;80;147;103;130
2,3875;2,4125;77;144;105;127
2,4;2,425;79;137;103;127
2,4125;2,4375;67;139;93;128
2,425;2,45;63;146;95;124
2,4375;2,4625;85;151;101;123
2,45;2,475;93;160;103;124
2,4625;2,4875;71;167;100;132
2,475;2,5;57;169;102;131
2,4875;2,5125;55;146;111;135
2,5;2,525;56;156;109;133
2,5125;2,5375;75;184;100;118
2,525;2,55;103;181;99;127
2,5375;2,5625;100;181;99;134
2,55;2,575;87;192;101;128
2,5625;2,5875;93;190;100;129
2,575;2,6;75;188;105;142
2,5875;2,6125;81;200;102;144
2,6;2,625;95;190;89;129
2,6125;2,6375;91;181;100;130
2,625;2,65;105;186;107;129
2,6375;2,6625;102;183;99;114
2,65;2,675;84;178;90;122
2,6625;2,6875;75;176;88;127
2,675;2,7;68;176;89;123
2,6875;2,7125;71;178;95;123
2,7;2,725;80;180;95;123
2,7125;2,7375;87;171;89;126
2,725;2,75;100;158;82;120
2,7375;2,7625;96;165;72;120
2,75;2,775;93;174;73;123
2,7625;2,7875;80;179;68;121
2,775;2,8;51;155;53;151
2,7875;2,8125;43;112;85;187
2,8;2,825;33;118;113;204
2,8125;2,8375;42;124;94;204
2,825;2,85;57;127;88;199
2,8375;2,8625;57;139;99;203
2,85;2,875;47;118;111;216
2,8625;2,8875;35;87;93;209
2,875;2,9;27;90;108;201
2,8875;2,9125;68;147;148;218
2,9;2,925;78;172;168;223
2,9125;2,9375;73;174;179;218
2,925;2,95;113;186;170;213
2,9375;2,9625;108;166;160;213
2,95;2,975;96;155;153;218
2,9625;2,9875;95;148;146;210
2,975;3;94;163;132;207
2,9875;3,0125;80;185;107;198
3;3,025;67;166;75;188
3,0125;3,0375;83;159;68;196
3,025;3,05;111;166;74;200
3,0375;3,0625;130;192;94;195
3,05;3,075;130;199;99;190
3,0625;3,0875;124;189;85;181
3,075;3,1;106;184;112;193
3,0875;3,1125;62;133;110;215
3,1;3,125;41;137;73;190
3,1125;3,1375;59;184;82;182
3,125;3,15;78;187;107;195
3,1375;3,1625;95;183;102;188
3,15;3,175;80;161;100;190
3,1625;3,1875;66;157;96;189
3,175;3,2;82;172;80;187
3,1875;3,2125;88;155;66;186
3,2;3,225;76;128;61;170
3,2125;3,2375;71;137;71;175
3,225;3,25;73;142;83;180
3,2375;3,2625;72;141;91;170
3,25;3,275;81;163;87;163
3,2625;3,2875;76;161;67;167
3,275;3,3;52;129;65;181
3,2875;3,3125;49;101;67;175
3,3;3,325;48;85;67;173
3,3125;3,3375;48;81;82;172
3,325;3,35;43;100;94;187
3,3375;3,3625;42;140;84;190
3,35;3,375;36;140;110;202
3,3625;3,3875;44;136;154;237
3,375;3,4;64;179;127;234
3,3875;3,4125;89;194;142;234
3,4;3,425;118;191;149;232
3,4125;3,4375;135;200;69;220
3,425;3,45;170;211;54;217
3,4375;3,4625;188;217;111;233
3,45;3,475;112;207;116;228
3,4625;3,4875;44;205;65;195
3,475;3,5;41;207;61;186
3,4875;3,5125;40;198;74;199
3,5;3,525;51;188;54;195
3,5125;3,5375;105;193;61;196
3,525;3,55;167;212;84;196
3,5375;3,5625;184;214;81;185
3,55;3,575;181;220;72;180
3,5625;3,5875;182;220;85;173
3,575;3,6;174;217;93;170
3,5875;3,6125;163;221;71;162
3,6;3,625;166;209;72;153
3,6125;3,6375;129;206;73;163
3,625;3,65;125;214;49;176
3,6375;3,6625;139;210;48;184
3,65;3,675;84;192;62;181
3,6625;3,6875;65;186;56;199
3,675;3,7;78;195;50;214
3,6875;3,7125;96;193;48;196
3,7;3,725;92;177;68;205
3,7125;3,7375;58;173;92;197
3,725;3,75;62;189;66;180
3,7375;3,7625;89;193;46;174
3,75;3,775;99;184;43;174
3,7625;3,7875;89;185;53;191
3,775;3,8;80;175;72;185
3,7875;3,8125;89;163;77;174
3,8;3,825;82;174;56;176
3,8125;3,8375;88;178;36;191
3,825;3,85;86;184;61;187
3,8375;3,8625;90;194;90;187
3,85;3,875;108;184;83;187
3,8625;3,8875;81;193;69;174
3,875;3,9;100;211;74;188
3,8875;3,9125;134;197;98;189
3,9;3,925;150;184;97;172
3,9125;3,9375;180;191;80;188
3,925;3,95;167;203;84;185
3,9375;3,9625;151;204;83;166
3,95;3,975;163;206;86;168
3,9625;3,9875;175;217;110;165
3,975;4;153;201;126;160
3,9875;4,0125;147;186;121;158
4;4,025;180;198;121;158
4,0125;4,0375;198;207;120;161
4,025;4,05;171;215;73;152
4,0375;4,0625;130;222;42;131
4,05;4,075;139;213;39;125
4,0625;4,0875;174;206;43;151
4,075;4,1;178;213;66;184
4,0875;4,1125;164;213;109;207
4,1;4,125;171;216;120;214
4,1125;4,1375;159;221;101;217
4,125;4,15;134;220;85;232
4,1375;4,1625;91;202;81;232
4,15;4,175;66;171;57;202
4,1625;4,1875;62;155;24;146
4,175;4,2;71;160;30;122
4,1875;4,2125;73;162;27;95
4,2;4,225;64;167;14;73
4,2125;4,2375;87;174;10;112
4,225;4,25;113;180;17;126
4,2375;4,2625;124;191;34;117
4,25;4,275;116;196;74;131
4,2625;4,2875;111;189;91;140
4,275;4,3;131;191;81;145
4,2875;4,3125;137;201;79;149
4,3;4,325;125;197;84;150
4,3125;4,3375;134;184;88;145
4,325;4,35;151;195;91;145
4,3375;4,3625;142;206;79;156
4,35;4,375;116;184;79;151
4,3625;4,3875;106;181;80;141
4,375;4,4;103;178;78;142
4,3875;4,4125;93;153;77;154
4,4;4,425;87;126;78;147
4,4125;4,4375;102;139;88;138
4,425;4,45;113;170;92;151
4,4375;4,4625;97;162;77;151
4,45;4,475;85;137;64;145
4,4625;4,4875;94;138;81;137
4,475;4,5;94;147;95;131
4,4875;4,5125;95;151;90;131
4,5;4,525;88;156;77;144
4,5125;4,5375;92;155;88;148
4,525;4,55;57;154;92;136
4,5375;4,5625;26;165;88;133
4,55;4,575;48;170;97;132
4,5625;4,5875;63;156;97;143
4,575;4,6;58;151;104;150
4,5875;4,6125;55;154;104;147
4,6;4,625;74;154;94;145
4,6125;4,6375;76;148;86;143
4,625;4,65;68;142;68;144
4,6375;4,6625;81;144;59;150
4,65;4,675;91;155;74;152
4,6625;4,6875;89;155;81;159
4,675;4,7;94;153;66;149
4,6875;4,7125;93;156;63;139
4,7;4,725;79;164;84;147
4,7125;4,7375;78;158;94;141
4,725;4,75;81;152;90;145
4,7375;4,7625;86;157;55;149
4,75;4,775;81;149;46;147
4,7625;4,7875;73;157;69;166
4,775;4,8;77;166;70;174
4,7875;4,8125;60;151;67;178
4,8;4,825;61;145;63;157
4,8125;4,8375;84;147;61;146
4,825;4,85;86;146;63;141
4,8375;4,8625;89;152;71;135
4,85;4,875;80;150;64;149
4,8625;4,8875;64;149;69;158
4,875;4,9;63;154;76;155
4,8875;4,9125;58;163;77;153
4,9;4,925;66;163;81;159
4,9125;4,9375;57;156;64;160
4,925;4,95;60;163;58;153
4,9375;4,9625;66;159;66;150
4,95;4,975;50;156;52;168
4,9625;4,9875;54;163;46;176
4,975;5;46;164;64;166
4,9875;5,0125;46;165;66;162
5;5,025;57;164;62;164
5,0125;5,0375;45;165;69;169
5,025;5,05;39;172;69;167
5,0375;5,0625;38;170;60;158
5,05;5,075;42;174;53;152
5,0625;5,0875;52;173;52;163
5,075;5,1;85;179;49;181
5,0875;5,1125;132;203;67;170
5,1;5,125;132;212;100;168
5,1125;5,1375;98;199;87;163
5,125;5,15;81;187;74;162
5,1375;5,1625;80;179;68;174
5,15;5,175;74;173;49;170
5,1625;5,1875;82;178;39;150
5,175;5,2;69;185;37;149
5,1875;5,2125;49;187;55;174
5,2;5,225;64;177;72;170
5,2125;5,2375;65;176;70;171
5,225;5,25;58;176;54;192
5,2375;5,2625;68;173;51;178
5,25;5,275;80;175;77;197
5,2625;5,2875;81;158;99;231
5,275;5,3;51;160;108;234
5,2875;5,3125;47;178;90;221
5,3;5,325;69;181;67;204
5,3125;5,3375;70;177;55;194
5,325;5,35;64;165;52;180
5,3375;5,3625;84;181;68;168
5,35;5,375;106;192;70;170
5,3625;5,3875;86;193;70;169
5,375;5,4;65;200;74;174
5,3875;5,4125;76;199;78;182
5,4;5,425;103;202;89;174
5,4125;5,4375;114;207;83;163
5,425;5,45;129;208;66;157
5,4375;5,4625;155;205;71;165
5,45;5,475;143;206;76;171
5,4625;5,4875;114;206;65;168
5,475;5,5;114;196;55;168
5,4875;5,5125;120;198;41;186
5,5;5,525;96;205;51;178
5,5125;5,5375;95;207;61;174
5,525;5,55;120;205;57;180
5,5375;5,5625;131;207;60;184
5,55;5,575;133;202;51;180
5,5625;5,5875;129;192;58;197
5,575;5,6;120;193;56;198
5,5875;5,6125;91;195;77;190
5,6;5,625;69;198;103;204
5,6125;5,6375;64;187;81;187
5,625;5,65;64;180;49;160
5,6375;5,6625;58;172;43;156
5,65;5,675;44;168;70;163
5,6625;5,6875;57;186;70;158
5,675;5,7;74;192;74;154
5,6875;5,7125;74;189;81;157
5,7;5,725;76;198;64;180
5,7125;5,7375;81;193;60;191
5,725;5,75;69;197;78;186
5,7375;5,7625;68;203;73;182
5,75;5,775;78;187;58;173
5,7625;5,7875;67;165;62;173
5,775;5,8;63;175;72;188
5,7875;5,8125;69;187;69;182
5,8;5,825;70;188;67;188
5,8125;5,8375;88;198;73;206
5,825;5,85;91;205;80;195
5,8375;5,8625;88;206;76;177
5,85;5,875;88;202;60;169
5,8625;5,8875;120;211;66;166
5,875;5,9;83;209;65;162
5,8875;5,9125;28;184;65;167
5,9;5,925;59;178;73;175
5,9125;5,9375;74;170;60;184
5,925;5,95;76;162;42;154
5,9375;5,9625;83;164;44;142
5,95;5,975;80;159;53;159
5,9625;5,9875;59;164;59;158
5,975;6;88;188;54;187
5,9875;6,0125;133;217;46;213
6;6,025;96;205;49;220
6,0125;6,0375;74;184;59;203
6,025;6,05;95;180;65;181
6,0375;6,0625;74;181;49;177
6,05;6,075;73;191;33;174
6,0625;6,0875;83;182;57;184
6,075;6,1;87;170;84;172
6,0875;6,1125;114;190;77;164
6,1;6,125;124;194;52;173
6,1125;6,1375;118;190;30;161
6,125;6,15;102;187;34;173
6,1375;6,1625;74;166;46;188
6,15;6,175;66;165;49;185
6,1625;6,1875;79;182;48;192
6,175;6,2;67;172;89;206
6,1875;6,2125;59;179;110;211
6,2;6,225;65;203;85;204
6,2125;6,2375;75;193;82;197
6,225;6,25;74;171;86;174
6,2375;6,2625;61;174;71;169
6,25;6,275;53;172;62;164
6,2625;6,2875;44;173;73;158
6,275;6,3;67;180;87;162
6,2875;6,3125;72;165;79;165
6,3;6,325;62;162;70;172
6,3125;6,3375;81;172;80;173
6,325;6,35;68;176;78;161
6,3375;6,3625;52;162;66;152
6,35;6,375;67;161;63;148
6,3625;6,3875;74;181;72;144
6,375;6,4;70;177;74;158
6,3875;6,4125;72;172;79;173
6,4;6,425;76;163;76;159
6,4125;6,4375;80;167;62;168
6,425;6,45;55;173;70;202
6,4375;6,4625;28;164;83;211
6,45;6,475;38;159;88;224
6,4625;6,4875;36;161;81;214
6,475;6,5;30;149;66;184
6,4875;6,5125;43;163;64;182
6,5;6,525;44;165;87;199
6,5125;6,5375;64;157;92;217
6,525;6,55;89;162;61;200
6,5375;6,5625;80;158;63;184
6,55;6,575;89;167;84;176
6,5625;6,5875;79;169;89;164
6,575;6,6;57;181;92;166
6,5875;6,6125;50;170;89;162
6,6;6,625;75;170;70;168
6,6125;6,6375;94;175;49;173
6,625;6,65;78;159;47;175
6,6375;6,6625;66;159;62;189
6,65;6,675;71;172;84;191
6,6625;6,6875;88;170;93;183
6,675;6,7;88;163;91;180
6,6875;6,7125;78;160;94;181
6,7;6,725;70;158;82;172
6,7125;6,7375;75;159;90;169
6,725;6,75;70;171;110;170
6,7375;6,7625;83;179;90;160
6,75;6,775;96;174;80;160
6,7625;6,7875;80;163;97;169
6,775;6,8;74;165;82;180
6,7875;6,8125;80;172;64;167
6,8;6,825;88;175;74;155
6,8125;6,8375;82;175;66;156
6,825;6,85;71;167;63;162
6,8375;6,8625;58;166;78;169
6,85;6,875;88;167;119;168
6,8625;6,8875;124;171;142;173
6,875;6,9;102;170;125;175
6,8875;6,9125;110;165;106;167
6,9;6,925;122;170;112;176
6,9125;6,9375;99;168;120;190
6,925;6,95;92;164;79;167
6,9375;6,9625;94;168;47;179
6,95;6,975;95;170;61;207
6,9625;6,9875;107;174;93;192
6,975;7;114;179;78;173
6,9875;7,0125;121;175;53;176
7;7,025;108;168;81;189
7,0125;7,0375;72;175;127;196
7,025;7,05;81;184;145;206
7,0375;7,0625;95;174;97;205
7,05;7,075;82;185;60;163
7,0625;7,0875;84;206;47;151
7,075;7,1;59;178;24;141
7,0875;7,1125;27;142;17;92
7,1;7,125;22;116;15;75
7,1125;7,1375;18;86;15;71
7,125;7,15;17;77;15;81
7,1375;7,1625;13;103;15;116
7,15;7,175;11;123;13;158
7,1625;7,1875;13;125;30;180
7,175;7,2;13;127;49;165
7,1875;7,2125;9;120;45;159
7,2;7,225;8;122;28;174
7,2125;7,2375;7;119;13;149
7,225;7,25;9;109;10;106
7,2375;7,2625;9;114;15;106
7,25;7,275;7;120;28;135
7,2625;7,2875;8;109;28;149
7,275;7,3;11;105;14;124
7,2875;7,3125;13;120;11;121
7,3;7,325;17;147;8;128
7,3125;7,3375;30;158;11;132
7,325;7,35;28;153;12;140
7,3375;7,3625;14;136;16;120
7,35;7,375;25;139;23;108
7,3625;7,3875;23;158;16;128
7,375;7,4;29;164;11;145
7,3875;7,4125;81;153;62;137
7,4;7,425;118;137;122;131
7,4125;7,4375;125;135;126;128
7,425;7,45;95;130;102;122
7,4375;7,4625;91;120;100;117
7,45;7,475;112;114;113;116
7,4625;7,4875;117;118;114;120
7,475;7,5;99;124;98;118
7,4875;7,5125;86;126;80;122
7,5;7,525;83;132;72;108
7,5125;7,5375;54;133;52;108
7,525;7,55;31;128;42;125
7,5375;7,5625;21;115;41;108
7,55;7,575;28;125;52;111
7,5625;7,5875;50;160;60;139
7,575;7,6;52;160;67;153
7,5875;7,6125;35;157;56;161
7,6;7,625;49;161;44;167
7,6125;7,6375;58;159;55;158
7,625;7,65;35;155;47;143
7,6375;7,6625;23;136;29;148
7,65;7,675;24;135;16;159
7,6625;7,6875;18;148;14;156
7,675;7,7;39;164;35;163
7,6875;7,7125;47;171;56;171
7,7;7,725;40;165;39;143
7,7125;7,7375;67;182;32;131
7,725;7,75;60;167;55;148
7,7375;7,7625;37;141;68;147
7,75;7,775;33;138;81;144
7,7625;7,7875;51;142;91;149
7,775;7,8;78;141;106;154
7,7875;7,8125;58;137;108;156
7,8;7,825;64;132;117;146
7,8125;7,8375;91;135;133;147
7,825;7,85;90;141;128;156
7,8375;7,8625;84;142;137;165
7,85;7,875;60;151;138;164
7,8625;7,8875;43;161;114;147
7,875;7,9;43;174;90;145
7,8875;7,9125;60;197;83;170
7,9;7,925;106;200;96;175
7,9125;7,9375;95;187;124;173
7,925;7,95;71;182;135;182
7,9375;7,9625;89;169;81;166
7,95;7,975;120;185;44;168
7,9625;7,9875;148;207;75;184
7,975;8;127;200;108;187
7,9875;8,0125;97;204;108;183
8;8,025;92;204;83;184
8,0125;8,0375;71;196;69;177
8,025;8,05;79;187;86;178
8,0375;8,0625;107;183;108;185
8,05;8,075;98;184;98;174
8,0625;8,0875;94;188;86;188
8,075;8,1;114;191;72;195
8,0875;8,1125;130;193;83;185
8,1;8,125;141;202;63;162
8,1125;8,1375;145;206;26;158
8,125;8,15;139;193;62;178
8,1375;8,1625;121;184;73;191
8,15;8,175;105;177;52;193
8,1625;8,1875;95;177;47;185
8,175;8,2;100;197;56;176
8,1875;8,2125;89;204;59;189
8,2;8,225;69;186;37;191
8,2125;8,2375;67;168;67;189
8,225;8,25;71;174;136;211
8,2375;8,2625;61;186;141;225
8,25;8,275;25;161;78;202
8,2625;8,2875;9;129;31;130
8,275;8,3;9;123;26;101
8,2875;8,3125;9;119;21;118
8,3;8,325;18;118;19;103
8,3125;8,3375;17;145;13;128
8,325;8,35;9;164;9;167
8,3375;8,3625;24;173;35;163
8,35;8,375;34;176;48;165
8,3625;8,3875;27;181;38;180
8,375;8,4;19;195;33;175
8,3875;8,4125;26;197;19;166
8,4;8,425;42;194;27;174
8,4125;8,4375;34;189;47;177
8,425;8,45;50;200;56;174
8,4375;8,4625;53;203;69;170
8,45;8,475;40;202;71;183
8,4625;8,4875;51;208;77;183
8,475;8,5;61;206;90;179
8,4875;8,5125;64;179;103;196
8,5;8,525;67;175;90;185
8,5125;8,5375;82;177;74;185
8,525;8,55;64;174;70;191
8,5375;8,5625;51;189;71;201
8,55;8,575;67;178;87;224
8,5625;8,5875;73;144;88;225
8,575;8,6;72;149;48;183
8,5875;8,6125;66;155;32;153
8,6;8,625;60;141;40;146
8,6125;8,6375;57;154;42;140
8,625;8,65;58;150;50;141
8,6375;8,6625;73;143;63;134
8,65;8,675;86;154;78;138
8,6625;8,6875;73;147;68;127
8,675;8,7;63;142;66;115
8,6875;8,7125;66;140;71;132
8,7;8,725;67;137;76;136
8,7125;8,7375;70;142;80;117
8,725;8,75;70;143;58;132
8,7375;8,7625;69;138;35;157
8,75;8,775;82;136;54;153
8,7625;8,7875;85;131;78;146
8,775;8,8;58;127;57;145
8,7875;8,8125;61;136;44;141
8,8;8,825;79;122;71;137
8,8125;8,8375;68;119;83;155
8,825;8,85;63;129;70;161
8,8375;8,8625;69;129;66;150
8,85;8,875;71;124;71;143
8,8625;8,8875;74;119;69;124
8,875;8,9;69;131;57;112
8,8875;8,9125;55;133;52;123
8,9;8,925;57;134;62;142
8,9125;8,9375;67;138;73;156
8,925;8,95;72;131;69;155
8,9375;8,9625;57;135;62;155
8,95;8,975;49;134;54;162
8,9625;8,9875;70;142;48;150
8,975;9;77;161;55;133
8,9875;9,0125;78;160;59;151
9;9,025;84;147;56;160
9,0125;9,0375;87;162;58;143
9,025;9,05;117;189;64;144
9,0375;9,0625;117;196;71;154
9,05;9,075;100;208;61;163
9,0625;9,0875;107;216;53;159
9,075;9,1;85;196;56;139
9,0875;9,1125;61;155;56;139
9,1;9,125;67;141;55;150
9,1125;9,1375;78;155;54;148
9,125;9,15;77;155;54;146
9,1375;9,1625;73;152;49;163
9,15;9,175;45;159;63;182
9,1625;9,1875;61;180;70;182
9,175;9,2;82;184;78;169
9,1875;9,2125;70;181;72;147
9,2;9,225;72;188;54;144
9,2125;9,2375;78;183;72;154
9,225;9,25;97;174;76;155
9,2375;9,2625;97;184;69;141
9,25;9,275;62;190;61;147
9,2625;9,2875;49;188;48;168
9,275;9,3;54;189;67;183
9,2875;9,3125;48;177;86;177
9,3;9,325;58;176;69;154
9,3125;9,3375;52;188;56;139
9,325;9,35;51;179;60;151
9,3375;9,3625;67;170;67;167
9,35;9,375;79;186;64;158
9,3625;9,3875;88;190;68;147
9,375;9,4;73;186;76;137
9,3875;9,4125;46;192;60;153
9,4;9,425;80;201;52;168
9,4125;9,4375;131;197;61;177
9,425;9,45;137;204;66;173
9,4375;9,4625;149;204;63;153
9,45;9,475;135;205;63;153
9,4625;9,4875;124;210;71;160
9,475;9,5;145;210;79;177
9,4875;9,5125;141;209;92;199
9,5;9,525;147;210;100;188
9,5125;9,5375;162;218;96;174
9,525;9,55;153;208;99;178
9,5375;9,5625;136;203;89;170
9,55;9,575;97;204;83;169
9,5625;9,5875;96;199;80;182
9,575;9,6;141;200;89;186
9,5875;9,6125;174;207;87;180
9,6;9,625;158;207;66;165
9,6125;9,6375;148;204;65;174
9,625;9,65;174;211;64;189
9,6375;9,6625;175;212;58;182
9,65;9,675;148;204;59;168
9,6625;9,6875;104;199;58;164
9,675;9,7;76;196;58;177
9,6875;9,7125;86;197;63;170
9,7;9,725;79;187;39;137
9,7125;9,7375;62;185;43;125
9,725;9,75;83;206;62;137
9,7375;9,7625;109;209;59;144
9,75;9,775;93;204;57;151
9,7625;9,7875;80;206;60;175
9,775;9,8;65;197;56;178
9,7875;9,8125;40;191;66;175
9,8;9,825;66;196;83;175
9,8125;9,8375;76;196;73;160
9,825;9,85;56;192;56;154
9,8375;9,8625;70;190;60;153
9,85;9,875;110;192;74;159
9,8625;9,8875;138;201;73;171
9,875;9,9;131;209;72;167
9,8875;9,9125;95;207;71;164
9,9;9,925;103;208;61;164
9,9125;9,9375;114;205;67;172
9,925;9,95;105;193;74;175
9,9375;9,9625;86;196;61;160
9,95;9,975;76;196;55;143
9,9625;9,9875;116;197;75;139
9,975;10;115;195;81;143
9,9875;10,0125;100;193;90;148
10;10,025;117;193;87;161
10,0125;10,0375;142;197;74;157
10,025;10,05;135;209;71;158
10,0375;10,0625;92;204;79;166
10,05;10,075;87;196;95;170
10,0625;10,0875;97;186;87;176
10,075;10,1;79;172;74;170
10,0875;10,1125;61;163;77;149
10,1;10,125;74;166;98;152
10,1125;10,1375;89;180;96;162
10,125;10,15;83;186;84;154
10,1375;10,1625;75;180;84;166
10,15;10,175;55;167;85;177
10,1625;10,1875;57;165;82;159
10,175;10,2;71;173;91;167
10,1875;10,2125;68;175;94;176
10,2;10,225;80;177;75;168
10,2125;10,2375;88;175;70;168
10,225;10,25;79;169;85;157
10,2375;10,2625;62;158;76;151
10,25;10,275;63;138;54;150
10,2625;10,2875;71;141;75;138
10,275;10,3;77;160;89;131
10,2875;10,3125;78;160;75;126
10,3;10,325;73;140;54;119
10,3125;10,3375;52;103;35;95
10,325;10,35;30;84;26;83
10,3375;10,3625;25;89;21;81
10,35;10,375;27;100;25;71
10,3625;10,3875;26;92;28;75
10,375;10,4;18;75;26;72
10,3875;10,4125;17;69;22;64
10,4;10,425;30;75;29;92
10,4125;10,4375;38;121;48;143
10,425;10,45;41;171;69;188
10,4375;10,4625;44;205;66;214
10,45;10,475;42;225;83;225
10,4625;10,4875;67;224;115;239
10,475;10,5;89;223;125;244
10,4875;10,5125;75;218;114;249
10,5;10,525;88;221;129;252
10,5125;10,5375;86;232;160;243
10,525;10,55;69;230;144;236
10,5375;10,5625;79;222;122;229
10,55;10,575;66;212;95;212
10,5625;10,5875;60;205;57;190
10,575;10,6;67;193;52;174
10,5875;10,6125;64;194;62;180
10,6;10,625;52;198;55;171
10,6125;10,6375;47;202;56;168
10,625;10,65;54;173;66;160
10,6375;10,6625;39;125;48;129
10,65;10,675;27;132;53;144
10,6625;10,6875;42;152;69;166
10,675;10,7;54;159;68;159
10,6875;10,7125;43;142;63;137
10,7;10,725;27;122;47;115
10,7125;10,7375;27;107;37;105
10,725;10,75;28;89;31;98
10,7375;10,7625;24;84;28;93
10,75;10,775;26;90;30;91
10,7625;10,7875;24;92;26;108
10,775;10,8;14;95;24;111
10,7875;10,8125;10;98;24;96
10,8;10,825;16;93;20;96
10,8125;10,8375;22;82;20;98
10,825;10,85;18;67;14;75
10,8375;10,8625;13;71;13;71
10,85;10,875;20;97;18;90
10,8625;10,8875;21;141;15;130
10,875;10,9;37;185;40;195
10,8875;10,9125;81;222;102;225
10,9;10,925;92;246;136;242
10,9125;10,9375;102;249;153;263
10,925;10,95;121;254;184;263
10,9375;10,9625;118;254;187;264
10,95;10,975;125;240;170;264
10,9625;10,9875;124;229;164;259
10,975;11;149;251;174;263
10,9875;11,0125;186;269;202;270
11;11,025;175;249;215;258
11,0125;11,0375;135;213;184;235
11,025;11,05;79;165;130;219
11,0375;11,0625;65;143;91;184
11,05;11,075;78;169;70;162
11,0625;11,0875;56;162;64;157
11,075;11,1;38;113;48;127
11,0875;11,1125;37;92;33;102
11,1;11,125;29;96;29;100
11,1125;11,1375;31;97;29;96
11,125;11,15;36;91;32;93
11,1375;11,1625;31;80;35;90
11,15;11,175;31;75;33;83
11,1625;11,1875;32;81;31;91
11,175;11,2;27;98;32;110
11,1875;11,2125;36;133;33;128
11,2;11,225;45;129;42;151
11,2125;11,2375;39;91;52;127
11,225;11,25;30;68;40;89
11,2375;11,2625;27;93;35;105
11,25;11,275;32;100;35;103
11,2625;11,2875;27;76;29;83
11,275;11,3;25;67;29;78
11,2875;11,3125;30;56;30;74
11,3;11,325;30;46;26;70
11,3125;11,3375;27;40;23;68
11,325;11,35;26;43;32;71
11,3375;11,3625;27;54;39;71
11,35;11,375;27;69;32;73
11,3625;11,3875;24;73;26;76
11,375;11,4;23;55;24;74
11,3875;11,4125;25;42;24;62
11,4;11,425;25;43;25;60
11,4125;11,4375;25;39;27;63
11,425;11,45;25;40;26;59
11,4375;11,4625;25;51;22;107
11,45;11,475;27;61;22;121
11,4625;11,4875;29;83;23;112
11,475;11,5;31;91;33;129
11,4875;11,5125;33;86;37;115
11,5;11,525;36;111;29;104
11,5125;11,5375;34;116;23;119
11,525;11,55;36;114;34;148
11,5375;11,5625;48;125;39;162
11,55;11,575;45;124;39;169
11,5625;11,5875;31;146;43;172
11,575;11,6;33;162;46;157
11,5875;11,6125;41;168;51;173
11,6;11,625;36;166;51;179
11,6125;11,6375;50;154;44;190
11,625;11,65;53;166;46;205
11,6375;11,6625;55;182;59;198
11,65;11,675;56;181;53;192
11,6625;11,6875;49;191;46;172
11,675;11,7;71;205;62;165
11,6875;11,7125;68;186;62;169
11,7;11,725;61;172;54;172
11,7125;11,7375;56;173;58;183
11,725;11,75;46;175;64;188
11,7375;11,7625;51;178;71;188
11,75;11,775;62;173;65;169
11,7625;11,7875;69;173;56;174
11,775;11,8;58;177;70;190
11,7875;11,8125;64;171;92;191
11,8;11,825;78;182;99;193
11,8125;11,8375;60;193;84;189
11,825;11,85;71;185;74;197
11,8375;11,8625;72;181;76;200
11,85;11,875;68;188;67;189
11,8625;11,8875;83;176;65;186
11,875;11,9;80;172;77;188
11,8875;11,9125;74;195;83;189
11,9;11,925;82;194;89;186
11,9125;11,9375;115;175;105;179
11,925;11,95;104;177;103;201
11,9375;11,9625;83;191;93;209
11,95;11,975;88;177;85;200
11,9625;11,9875;84;179;65;194
11,975;12;83;187;52;171
11,9875;12,0125;89;168;74;177
12;12,025;82;154;72;180
12,0125;12,0375;72;149;74;175
12,025;12,05;80;164;88;168
12,0375;12,0625;89;167;72;168
12,05;12,075;85;154;62;166
12,0625;12,0875;87;151;68;152
12,075;12,1;78;155;81;165
12,0875;12,1125;69;168;86;171
12,1;12,125;73;176;83;164
12,1125;12,1375;72;169;74;163
12,125;12,15;84;176;71;172
12,1375;12,1625;91;182;66;169
12,15;12,175;86;185;73;179
12,1625;12,1875;91;181;86;182
12,175;12,2;84;156;88;168
12,1875;12,2125;83;160;80;163
12,2;12,225;76;156;67;163
12,2125;12,2375;67;169;77;165
12,225;12,25;75;191;81;164
12,2375;12,2625;71;178;81;155
12,25;12,275;69;175;76;146
12,2625;12,2875;76;166;64;150
12,275;12,3;98;157;80;158
12,2875;12,3125;110;153;83;171
12,3;12,325;86;154;79;174
12,3125;12,3375;81;158;72;165
12,325;12,35;89;171;60;157
12,3375;12,3625;90;180;66;156
12,35;12,375;71;175;78;156
12,3625;12,3875;60;164;84;161
12,375;12,4;82;158;73;169
12,3875;12,4125;96;162;60;162
12,4;12,425;87;153;53;162
12,4125;12,4375;82;156;54;177
12,425;12,45;82;177;68;165
12,4375;12,4625;80;173;74;155
12,45;12,475;84;169;76;159
12,4625;12,4875;77;158;79;163
12,475;12,5;79;159;73;163
12,4875;12,5125;93;171;67;158
12,5;12,525;90;165;71;158
12,5125;12,5375;89;152;74;167
12,525;12,55;94;135;71;159
12,5375;12,5625;99;127;60;143
12,55;12,575;87;154;54;153
12,5625;12,5875;79;158;65;143
12,575;12,6;88;142;65;142
12,5875;12,6125;98;133;64;159
12,6;12,625;96;125;79;147
12,6125;12,6375;90;145;101;131
12,625;12,65;91;144;102;124
12,6375;12,6625;78;128;83;115
12,65;12,675;75;132;87;114
12,6625;12,6875;74;131;75;125
12,675;12,7;71;134;55;134
12,6875;12,7125;65;143;53;132
12,7;12,725;57;142;62;127
12,7125;12,7375;63;141;58;138
12,725;12,75;62;150;47;134
12,7375;12,7625;60;155;61;131
12,75;12,775;62;138;57;142
12,7625;12,7875;63;142;53;140
12,775;12,8;65;143;78;130
12,7875;12,8125;61;138;86;124
12,8;12,825;64;147;77;132
12,8125;12,8375;61;155;71;143
12,825;12,85;60;161;68;149
12,8375;12,8625;61;145;65;143
12,85;12,875;59;132;64;128
12,8625;12,8875;62;141;63;125
12,875;12,9;64;145;69;134
12,8875;12,9125;63;153;64;145
12,9;12,925;79;153;55;150
12,9125;12,9375;75;143;54;138
12,925;12,95;53;138;65;123
12,9375;12,9625;55;138;71;121
12,95;12,975;62;135;54;146
12,9625;12,9875;63;128;43;141
12,975;13;66;142;54;113
12,9875;13,0125;61;148;69;124
13;13,025;57;144;56;128
13,0125;13,0375;62;149;49;128
13,025;13,05;68;146;61;133
13,0375;13,0625;72;146;71;139
13,05;13,075;65;145;68;141
13,0625;13,0875;74;132;60;139
13,075;13,1;77;143;58;131
13,0875;13,1125;66;136;56;125
13,1;13,125;70;126;53;125
13,1125;13,1375;68;136;62;122
13,125;13,15;62;137;66;124
13,1375;13,1625;61;122;59;132
13,15;13,175;57;126;61;114
13,1625;13,1875;52;144;55;102
13,175;13,2;56;139;50;108
13,1875;13,2125;63;133;58;116
13,2;13,225;56;130;63;131
13,2125;13,2375;50;129;59;136
13,225;13,25;55;129;53;117
13,2375;13,2625;53;117;47;91
13,25;13,275;53;110;47;104
13,2625;13,2875;38;123;32;122
13,275;13,3;25;95;25;93
13,2875;13,3125;23;69;33;73
13,3;13,325;22;73;39;84
13,3125;13,3375;22;72;38;77
13,325;13,35;22;63;33;68
13,3375;13,3625;22;54;28;52
13,35;13,375;20;42;20;38
13,3625;13,3875;19;35;21;45
13,375;13,4;21;46;21;53
13,3875;13,4125;22;53;20;58
13,4;13,425;17;69;17;67
13,4125;13,4375;12;102;10;88
13,425;13,45;17;110;13;99
13,4375;13,4625;21;97;19;106
13,45;13,475;20;93;20;120
13,4625;13,4875;24;86;21;108
13,475;13,5;24;74;20;74
13,4875;13,5125;21;52;20;62
13,5;13,525;19;35;21;53
13,5125;13,5375;19;29;21;31
13,525;13,55;19;23;19;27
13,5375;13,5625;18;21;18;31
13,55;13,575;19;21;19;33
13,5625;13,5875;19;20;19;28
13,575;13,6;18;25;19;25
13,5875;13,6125;19;25;19;23
13,6;13,625;18;21;18;19
13,6125;13,6375;18;21;18;19
13,625;13,65;19;23;19;23
13,6375;13,6625;20;23;19;32
13,65;13,675;19;23;19;27
13,6625;13,6875;19;21;19;21
13,675;13,7;20;21;19;23
13,6875;13,7125;19;25;19;23
13,7;13,725;19;23;19;35
13,7125;13,7375;19;29;21;53
13,725;13,75;21;34;21;50
13,7375;13,7625;24;27;18;42
13,75;13,775;24;27;24;63
13,7625;13,7875;25;38;27;80
13,775;13,8;19;48;21;82
13,7875;13,8125;13;65;23;89
13,8;13,825;16;73;20;101
13,8125;13,8375;18;91;22;116
13,825;13,85;21;111;29;110
13,8375;13,8625;31;111;38;114
13,85;13,875;36;128;44;129
13,8625;13,8875;27;127;39;109
13,875;13,9;38;121;38;104
13,8875;13,9125;42;123;40;108
13,9;13,925;40;119;43;101
13,9125;13,9375;51;121;49;109
13,925;13,95;46;109;50;121
13,9375;13,9625;39;110;45;119
13,95;13,975;46;125;54;107
13,9625;13,9875;55;135;57;115
13,975;14;55;137;49;133
13,9875;14,0125;49;124;53;134
14;14,025;51;141;52;135
14,0125;14,0375;46;150;50;142
14,025;14,05;50;123;60;130
14,0375;14,0625;61;115;61;116
14,05;14,075;58;140;53;127
14,0625;14,0875;55;153;55;140
14,075;14,1;55;145;57;133
14,0875;14,1125;55;143;60;133
14,1;14,125;57;132;66;152
14,1125;14,1375;64;138;71;149
14,125;14,15;66;164;81;152
14,1375;14,1625;59;173;82;155
14,15;14,175;66;166;68;137
14,1625;14,1875;77;168;61;143
14,175;14,2;64;162;66;153
14,1875;14,2125;66;163;69;155
14,2;14,225;69;160;57;160
14,2125;14,2375;57;141;54;157
14,225;14,25;63;154;64;159
14,2375;14,2625;61;173;75;160
14,25;14,275;59;174;68;153
14,2625;14,2875;72;170;57;147
14,275;14,3;60;155;58;147
14,2875;14,3125;57;157;71;162
14,3;14,325;55;169;78;152
14,3125;14,3375;53;154;75;145
14,325;14,35;62;144;72;151
14,3375;14,3625;62;156;66;149
14,35;14,375;68;160;71;148
14,3625;14,3875;57;149;80;153
14,375;14,4;48;153;82;149
14,3875;14,4125;53;161;68;131
14,4;14,425;50;160;59;129
14,4125;14,4375;53;159;53;133
14,425;14,45;50;146;43;133
14,4375;14,4625;54;156;57;125
14,45;14,475;64;163;65;123
14,4625;14,4875;58;160;61;141
14,475;14,5;51;173;77;160
14,4875;14,5125;45;180;79;162
14,5;14,525;70;187;70;153
14,5125;14,5375;86;190;62;141
14,525;14,55;87;176;68;126
14,5375;14,5625;91;179;77;114
14,55;14,575;76;185;71;124
14,5625;14,5875;74;176;68;127
14,575;14,6;92;154;72;130
14,5875;14,6125;62;130;56;125
14,6;14,625;22;119;43;120
14,6125;14,6375;18;101;47;120
14,625;14,65;14;91;44;116
14,6375;14,6625;19;101;50;127
14,65;14,675;31;127;65;130
14,6625;14,6875;29;157;62;156
14,675;14,7;39;189;59;181
14,6875;14,7125;55;215;70;197
14,7;14,725;53;223;75;221
14,7125;14,7375;71;231;114;239
14,725;14,75;77;227;129;225
14,7375;14,7625;64;199;78;207
14,75;14,775;46;124;35;156
14,7625;14,7875;23;83;25;115
14,775;14,8;16;80;22;102
14,7875;14,8125;25;92;38;93
14,8;14,825;37;116;51;122
14,8125;14,8375;29;101;29;112
14,825;14,85;24;78;18;72
14,8375;14,8625;29;56;23;68
14,85;14,875;31;49;22;71
14,8625;14,8875;32;61;30;68
14,875;14,9;29;61;32;70
14,8875;14,9125;24;63;24;70
14,9;14,925;22;65;26;75
14,9125;14,9375;23;56;27;60
14,925;14,95;18;89;29;103
14,9375;14,9625;42;169;50;196
14,95;14,975;79;232;93;240
14,9625;14,9875;81;245;125;256
14,975;15;96;230;132;250
14,9875;15,0125;134;231;147;242
15;15,025;149;246;155;253
15,0125;15,0375;133;234;124;227
15,025;15,05;95;186;84;169
15,0375;15,0625;58;157;69;126
15,05;15,075;37;153;52;123
15,0625;15,0875;35;128;40;124
15,075;15,1;45;116;41;116
15,0875;15,1125;42;110;34;96
15,1;15,125;34;83;28;84
15,1125;15,1375;29;79;27;93
15,125;15,15;18;93;20;98
15,1375;15,1625;18;96;18;95
15,15;15,175;23;81;24;82
15,1625;15,1875;23;82;21;88
15,175;15,2;29;82;18;91
15,1875;15,2125;28;71;22;99
15,2;15,225;32;75;35;98
15,2125;15,2375;37;76;42;83
15,225;15,25;26;70;29;86
15,2375;15,2625;19;68;18;71
15,25;15,275;22;61;28;57
15,2625;15,2875;26;49;33;60
15,275;15,3;28;51;28;57
15,2875;15,3125;29;64;26;66
15,3;15,325;26;62;26;71
15,3125;15,3375;25;58;27;69
15,325;15,35;22;68;28;68
15,3375;15,3625;20;69;26;79
15,35;15,375;24;60;24;82
15,3625;15,3875;26;60;26;86
15,375;15,4;30;65;26;88
15,3875;15,4125;25;75;17;73
15,4;15,425;19;95;13;101
15,4125;15,4375;18;146;48;179
15,425;15,45;27;210;97;233
15,4375;15,4625;51;236;115;256
15,45;15,475;66;246;110;268
15,4625;15,4875;61;252;120;271
15,475;15,5;51;238;145;265
15,4875;15,5125;53;231;158;257
15,5;15,525;70;243;169;266
15,5125;15,5375;96;250;177;268
15,525;15,55;111;244;174;259
15,5375;15,5625;101;236;172;245
15,55;15,575;87;226;164;237
15,5625;15,5875;85;215;140;232
15,575;15,6;77;194;107;221
15,5875;15,6125;79;179;93;199
15,6;15,625;76;156;88;168
15,6125;15,6375;57;125;71;139
15,625;15,65;59;114;67;128
15,6375;15,6625;50;146;57;155
15,65;15,675;49;173;52;176
15,6625;15,6875;57;182;56;181
15,675;15,7;49;180;62;186
15,6875;15,7125;45;181;66;182
15,7;15,725;42;182;73;180
15,7125;15,7375;38;170;78;170
15,725;15,75;46;176;64;171
15,7375;15,7625;55;176;63;175
15,75;15,775;56;166;70;174
15,7625;15,7875;56;154;73;167
15,775;15,8;55;156;68;171
15,7875;15,8125;67;171;71;165
15,8;15,825;66;163;79;151
15,8125;15,8375;65;168;76;149
15,825;15,85;68;162;77;138
15,8375;15,8625;58;143;69;134
15,85;15,875;69;152;64;139
15,8625;15,8875;80;146;68;141
15,875;15,9;79;139;64;138
15,8875;15,9125;84;143;70;144
15,9;15,925;90;147;78;131
15,9125;15,9375;88;145;74;134
15,925;15,95;84;157;73;145
15,9375;15,9625;82;156;73;135
15,95;15,975;85;156;84;140
15,9625;15,9875;95;176;90;151
15,975;16;98;176;78;144
15,9875;16,0125;90;159;85;146
16;16,025;80;146;89;146
16,0125;16,0375;81;144;80;136
16,025;16,05;81;144;76;141
16,0375;16,0625;74;118;72;131
16,05;16,075;78;97;73;126
16,0625;16,0875;74;103;82;132
16,075;16,1;77;116;89;127
16,0875;16,1125;81;127;83;125
16,1;16,125;76;133;78;124
16,1125;16,1375;69;133;72;117
16,125;16,15;66;128;70;113
16,1375;16,1625;76;140;81;115
16,15;16,175;83;132;85;112
16,1625;16,1875;90;120;86;120
16,175;16,2;82;123;87;135
16,1875;16,2125;68;122;82;124
16,2;16,225;65;114;78;119
16,2125;16,2375;68;127;74;117
16,225;16,25;83;148;84;131
16,2375;16,2625;92;170;89;138
16,25;16,275;96;179;87;125
16,2625;16,2875;93;171;82;132
16,275;16,3;89;175;73;139
16,2875;16,3125;88;166;68;126
16,3;16,325;100;170;74;114
16,3125;16,3375;104;162;79;120
16,325;16,35;85;152;67;123
16,3375;16,3625;83;163;67;120
16,35;16,375;89;168;73;135
16,3625;16,3875;78;166;70;134
16,375;16,4;68;142;70;134
16,3875;16,4125;67;140;74;138
16,4;16,425;71;152;81;143
16,4125;16,4375;89;155;64;144
16,425;16,45;78;160;51;130
16,4375;16,4625;64;152;62;125
16,45;16,475;78;153;70;128
16,4625;16,4875;82;173;73;128
16,475;16,5;91;163;75;129
16,4875;16,5125;97;135;77;124
16,5;16,525;86;134;77;116
16,5125;16,5375;71;153;67;118
16,525;16,55;77;169;67;114
16,5375;16,5625;70;163;72;132
16,55;16,575;63;147;62;146
16,5625;16,5875;86;145;54;138
16,575;16,6;94;146;61;136
16,5875;16,6125;88;138;73;150
16,6;16,625;89;138;85;164
16,6125;16,6375;83;149;94;140
16,625;16,65;75;147;92;131
16,6375;16,6625;85;128;94;151
16,65;16,675;89;116;104;158
16,6625;16,6875;83;144;93;161
16,675;16,7;95;154;71;157
16,6875;16,7125;107;141;69;151
16,7;16,725;101;140;70;148
16,7125;16,7375;84;138;73;138
16,725;16,75;78;129;72;133
16,7375;16,7625;89;135;66;149
16,75;16,775;93;153;70;145
16,7625;16,7875;79;149;68;144
16,775;16,8;81;136;51;139
16,7875;16,8125;83;128;45;124
16,8;16,825;75;130;61;117
16,8125;16,8375;84;130;66;126
16,825;16,85;85;121;57;137
16,8375;16,8625;85;124;58;133
16,85;16,875;91;139;61;138
16,8625;16,8875;65;142;52;130
16,875;16,9;27;137;45;112
16,8875;16,9125;32;123;47;125
16,9;16,925;60;106;49;135
16,9125;16,9375;65;105;50;125
16,925;16,95;55;113;57;135
16,9375;16,9625;44;109;52;144
16,95;16,975;41;105;39;119
16,9625;16,9875;54;99;37;97
16,975;17;48;87;39;88
16,9875;17,0125;36;83;39;93
17;17,025;29;95;33;90
17,0125;17,0375;30;101;28;90
17,025;17,05;27;97;24;109
17,0375;17,0625;25;90;26;109
17,05;17,075;31;81;36;100
17,0625;17,0875;30;80;36;91
17,075;17,1;28;84;36;84
17,0875;17,1125;30;90;46;89
17,1;17,125;35;76;44;80
17,1125;17,1375;37;68;42;72
17,125;17,15;38;78;44;79
17,1375;17,1625;40;83;46;81
17,15;17,175;40;76;47;78
17,1625;17,1875;41;78;45;85
17,175;17,2;40;92;44;99
17,1875;17,2125;45;95;42;116
17,2;17,225;55;98;49;119
17,2125;17,2375;43;99;51;107
17,225;17,25;30;94;43;111
17,2375;17,2625;35;121;49;128
17,25;17,275;69;144;83;141
17,2625;17,2875;103;148;118;151
17,275;17,3;119;147;131;151
17,2875;17,3125;115;133;109;137
17,3;17,325;99;133;84;134
17,3125;17,3375;106;144;80;135
17,325;17,35;99;142;69;121
17,3375;17,3625;90;154;60;115
17,35;17,375;84;143;65;125
17,3625;17,3875;75;119;73;117
17,375;17,4;67;109;67;121
17,3875;17,4125;47;88;65;123
17,4;17,425;40;67;61;100
17,4125;17,4375;37;60;61;91
17,425;17,45;35;65;60;86
17,4375;17,4625;38;57;46;83
17,45;17,475;35;50;45;84
17,4625;17,4875;29;58;44;86
17,475;17,5;25;71;33;90
17,4875;17,5125;28;79;26;94
17,5;17,525;29;93;36;113
17,5125;17,5375;39;93;47;116
17,525;17,55;48;106;63;115
17,5375;17,5625;58;121;63;125
17,55;17,575;45;123;50;124
17,5625;17,5875;21;131;50;122
17,575;17,6;21;117;38;117
17,5875;17,6125;19;86;27;99
17,6;17,625;22;64;22;70
17,6125;17,6375;25;51;23;54
17,625;17,65;22;45;26;62
17,6375;17,6625;21;52;25;69
17,65;17,675;22;56;25;70
17,6625;17,6875;17;71;23;92
17,675;17,7;19;102;36;125
17,6875;17,7125;34;114;59;128
17,7;17,725;43;109;56;113
17,7125;17,7375;51;123;59;117
17,725;17,75;91;140;92;134
17,7375;17,7625;131;136;123;134
17,75;17,775;132;132;133;132
17,7625;17,7875;133;134;135;141
17,775;17,8;120;142;135;140
17,7875;17,8125;106;142;132;132
17,8;17,825;100;138;110;141
17,8125;17,8375;83;124;84;145
17,825;17,85;57;104;69;129
17,8375;17,8625;35;108;39;126
17,85;17,875;26;86;22;93
17,8625;17,8875;24;52;24;54
17,875;17,9;22;48;25;54
17,8875;17,9125;21;50;23;57
17,9;17,925;21;58;27;64
17,9125;17,9375;21;61;28;64
17,925;17,95;25;64;25;57
17,9375;17,9625;27;64;30;65
17,95;17,975;31;67;33;76
17,9625;17,9875;30;87;24;87
17,975;18;33;110;25;98
17,9875;18,0125;45;115;39;110
18;18,025;43;127;50;133
18,0125;18,0375;51;131;52;143
18,025;18,05;55;124;50;146
18,0375;18,0625;51;130;67;140
18,05;18,075;50;160;73;134
18,0625;18,0875;58;167;60;133
18,075;18,1;43;122;38;116
18,0875;18,1125;20;69;22;75
18,1;18,125;24;52;24;56
18,1125;18,1375;27;52;31;60
18,125;18,15;29;55;35;64
18,1375;18,1625;27;56;29;67
18,15;18,175;27;60;25;60
18,1625;18,1875;28;62;21;54
18,175;18,2;27;61;21;49
18,1875;18,2125;23;54;21;53
18,2;18,225;20;52;22;62
18,2125;18,2375;23;75;25;68
18,225;18,25;21;89;23;80
18,2375;18,2625;20;95;24;97
18,25;18,275;32;107;32;105
18,2625;18,2875;54;133;51;107
18,275;18,3;62;131;58;97
18,2875;18,3125;59;121;57;98
18,3;18,325;66;134;61;111
18,3125;18,3375;68;137;58;102
18,325;18,35;63;147;57;109
18,3375;18,3625;60;148;58;117
18,35;18,375;60;149;48;125
18,3625;18,3875;57;141;55;128
18,375;18,4;52;139;64;134
18,3875;18,4125;54;142;64;141
18,4;18,425;63;145;70;137
18,4125;18,4375;69;165;69;125
18,425;18,45;58;150;70;122
18,4375;18,4625;50;147;68;145
18,45;18,475;64;166;71;156
18,4625;18,4875;69;173;69;152
18,475;18,5;63;174;72;144
18,4875;18,5125;68;167;69;146
18,5;18,525;65;158;62;156
18,5125;18,5375;70;160;71;163
18,525;18,55;78;161;67;166
18,5375;18,5625;75;160;54;164
18,55;18,575;66;155;54;159
18,5625;18,5875;69;165;62;161
18,575;18,6;76;179;65;161
18,5875;18,6125;64;181;66;155
18,6;18,625;60;181;65;160
18,6125;18,6375;65;168;77;165
18,625;18,65;76;171;70;168
18,6375;18,6625;77;171;52;159
18,65;18,675;84;176;61;157
18,6625;18,6875;94;174;53;160
18,675;18,7;100;170;43;158
18,6875;18,7125;89;175;56;152
18,7;18,725;75;176;68;151
18,7125;18,7375;78;179;70;156
18,725;18,75;77;181;65;155
18,7375;18,7625;80;177;58;156
18,75;18,775;73;169;44;153
18,7625;18,7875;74;171;42;143
18,775;18,8;88;159;49;146
18,7875;18,8125;93;161;76;153
18,8;18,825;97;183;93;162
18,8125;18,8375;92;167;81;162
18,825;18,85;92;156;68;154
18,8375;18,8625;97;173;57;151
18,85;18,875;81;190;49;151
18,8625;18,8875;79;176;47;151
18,875;18,9;80;160;52;152
18,8875;18,9125;63;162;56;160
18,9;18,925;78;166;61;159
18,9125;18,9375;81;166;65;163
18,925;18,95;63;162;74;167
18,9375;18,9625;62;177;68;169
18,95;18,975;60;177;50;163
18,9625;18,9875;78;176;49;149
18,975;19;87;182;53;139
18,9875;19,0125;73;168;48;132
19;19,025;63;157;49;128
19,0125;19,0375;63;161;56;151
19,025;19,05;65;180;59;171
19,0375;19,0625;72;181;55;146
19,05;19,075;80;172;59;138
19,0625;19,0875;82;166;54;140
19,075;19,1;79;171;58;135
19,0875;19,1125;73;185;56;139
19,1;19,125;73;188;46;119
19,1125;19,1375;72;185;61;121
19,125;19,15;64;152;64;124
19,1375;19,1625;45;118;55;104
19,15;19,175;33;105;44;106
19,1625;19,1875;34;104;45;116
19,175;19,2;30;125;34;121
19,1875;19,2125;26;123;24;117
19,2;19,225;28;121;32;110
19,2125;19,2375;28;134;33;113
19,225;19,25;20;133;28;94
19,2375;19,2625;21;134;23;77
19,25;19,275;38;122;22;86
19,2625;19,2875;45;116;34;96
19,275;19,3;32;114;32;95
19,2875;19,3125;34;132;22;96
19,3;19,325;39;148;25;93
19,3125;19,3375;39;149;25;96
19,325;19,35;28;145;18;107
19,3375;19,3625;22;141;21;104
19,35;19,375;38;163;35;139
19,3625;19,3875;40;174;29;143
19,375;19,4;33;174;32;138
19,3875;19,4125;31;137;39;139
19,4;19,425;26;92;28;90
19,4125;19,4375;17;97;21;84
19,425;19,45;16;79;18;69
19,4375;19,4625;20;40;17;39
19,45;19,475;22;39;18;45
19,4625;19,4875;21;39;22;57
19,475;19,5;21;30;23;48
19,4875;19,5125;21;35;23;39
19,5;19,525;22;44;23;57
19,5125;19,5375;19;56;25;68
19,525;19,55;18;65;26;78
19,5375;19,5625;20;53;20;79
19,55;19,575;18;53;20;84
19,5625;19,5875;20;67;24;88
19,575;19,6;22;65;31;84
19,5875;19,6125;24;57;31;83
19,6;19,625;27;52;28;73
19,6125;19,6375;34;52;31;72
19,625;19,65;35;52;33;77
19,6375;19,6625;26;53;25;71
19,65;19,675;22;53;25;80
19,6625;19,6875;24;53;28;72
19,675;19,7;26;53;29;57
19,6875;19,7125;27;51;35;60
19,7;19,725;31;53;40;62
19,7125;19,7375;33;54;37;70
19,725;19,75;30;58;26;88
19,7375;19,7625;23;64;19;90
19,75;19,775;17;69;21;70
19,7625;19,7875;26;67;24;64
19,775;19,8;35;68;30;76
19,7875;19,8125;37;79;45;84
19,8;19,825;40;85;48;85
19,8125;19,8375;38;83;45;93
19,825;19,85;37;86;47;100
19,8375;19,8625;39;99;45;111
19,85;19,875;41;109;45;113
19,8625;19,8875;49;111;53;115
19,875;19,9;63;104;58;119
19,8875;19,9125;56;116;61;122
19,9;19,925;47;139;66;127
19,9125;19,9375;44;155;69;127
19,925;19,95;37;159;68;134
19,9375;19,9625;55;164;61;153
19,95;19,975;58;169;62;161
19,9625;19,9875;50;158;60;162
19,975;20;66;161;63;162
19,9875;20,0125;65;170;90;165
20;20,025;65;155;100;168
20,0125;20,0375;77;144;77;165
20,025;20,05;74;162;74;166
20,0375;20,0625;80;175;86;164
20,05;20,075;82;180;83;180
20,0625;20,0875;78;166;68;182
20,075;20,1;78;142;71;171
20,0875;20,1125;81;148;79;167
20,1;20,125;80;160;74;147
20,1125;20,1375;80;155;80;153
20,125;20,15;80;153;73;163
20,1375;20,1625;80;156;78;166
20,15;20,175;79;162;88;187
20,1625;20,1875;74;170;88;179
20,175;20,2;73;163;89;162
20,1875;20,2125;72;163;78;157
20,2;20,225;79;174;68;151
20,2125;20,2375;82;171;65;157
20,225;20,25;81;158;66;157
20,2375;20,2625;77;144;66;135
20,25;20,275;74;139;73;121
20,2625;20,2875;75;140;78;117
20,275;20,3;70;142;74;135
20,2875;20,3125;79;142;77;143
20,3;20,325;78;150;81;132
20,3125;20,3375;85;158;70;126
20,325;20,35;99;142;63;126
20,3375;20,3625;99;134;71;135
20,35;20,375;87;136;69;152
20,3625;20,3875;77;133;72;162
20,375;20,4;80;139;75;143
20,3875;20,4125;82;141;74;132
20,4;20,425;76;139;76;134
20,4125;20,4375;74;130;88;133
20,425;20,45;81;123;105;133
20,4375;20,4625;74;130;101;133
20,45;20,475;74;138;94;137
20,4625;20,4875;85;120;93;127
20,475;20,5;86;118;95;112
20,4875;20,5125;89;130;104;119
20,5;20,525;92;136;108;132
20,5125;20,5375;95;133;97;137
20,525;20,55;92;123;93;132
20,5375;20,5625;94;123;95;123
20,55;20,575;89;125;89;127
20,5625;20,5875;75;121;90;135
20,575;20,6;76;117;73;124
20,5875;20,6125;82;117;63;119
20,6;20,625;81;120;75;129
20,6125;20,6375;77;119;73;133
20,625;20,65;78;112;68;126
20,6375;20,6625;73;123;66;124
20,65;20,675;78;127;63;128
20,6625;20,6875;96;121;74;125
20,675;20,7;101;132;84;133
20,6875;20,7125;99;134;87;145
20,7;20,725;93;129;90;135
20,7125;20,7375;81;134;86;125
20,725;20,75;79;132;92;127
20,7375;20,7625;87;122;102;128
20,75;20,775;81;121;100;125
20,7625;20,7875;75;128;90;132
20,775;20,8;83;135;95;139
20,7875;20,8125;81;128;98;140
20,8;20,825;78;129;85;134
20,8125;20,8375;85;131;88;129
20,825;20,85;86;125;93;124
20,8375;20,8625;92;125;90;123
20,85;20,875;88;124;91;140
20,8625;20,8875;78;122;91;149
20,875;20,9;90;121;92;140
20,8875;20,9125;97;128;99;138
20,9;20,925;87;135;98;142
20,9125;20,9375;81;132;94;136
20,925;20,95;80;129;91;125
20,9375;20,9625;83;134;90;119
20,95;20,975;84;129;89;131
20,9625;20,9875;89;125;82;127
20,975;21;82;128;76;124
20,9875;21,0125;78;128;86;140
21;21,025;86;134;91;144
21,0125;21,0375;77;131;84;136
21,025;21,05;74;122;84;126
21,0375;21,0625;79;124;68;123
21,05;21,075;69;138;62;124
21,0625;21,0875;62;137;76;131
21,075;21,1;62;137;81;143
21,0875;21,1125;66;137;82;147
21,1;21,125;78;130;75;142
21,1125;21,1375;83;133;68;139
21,125;21,15;71;135;74;134
21,1375;21,1625;75;123;83;126
21,15;21,175;80;123;82;118
21,1625;21,1875;76;135;80;130
21,175;21,2;90;142;78;140
21,1875;21,2125;88;131;74;129
21,2;21,225;77;127;75;129
21,2125;21,2375;73;141;87;142
21,225;21,25;74;143;92;134
21,2375;21,2625;78;133;94;120
21,25;21,275;68;133;90;127
21,2625;21,2875;79;143;89;143
21,275;21,3;81;130;87;135
21,2875;21,3125;69;126;81;117
21,3;21,325;75;138;80;121
21,3125;21,3375;68;141;80;135
21,325;21,35;71;143;83;133
21,3375;21,3625;77;141;84;138
21,35;21,375;70;133;81;138
21,3625;21,3875;76;130;77;123
21,375;21,4;86;143;77;128
21,3875;21,4125;85;134;83;137
21,4;21,425;75;124;89;124
21,4125;21,4375;78;136;82;130
21,425;21,45;90;142;73;128
21,4375;21,4625;79;145;84;134
21,45;21,475;74;149;89;141
21,4625;21,4875;81;152;89;141
21,475;21,5;78;155;84;139
21,4875;21,5125;68;142;75;134
21,5;21,525;64;139;76;138
21,5125;21,5375;77;146;71;128
21,525;21,55;75;145;76;131
21,5375;21,5625;76;135;71;136
21,55;21,575;79;135;66;139
21,5625;21,5875;75;142;82;134
21,575;21,6;75;133;87;132
21,5875;21,6125;78;126;78;132
21,6;21,625;73;119;75;128
21,6125;21,6375;78;137;76;144
21,625;21,65;84;150;73;153
21,6375;21,6625;77;144;70;154
21,65;21,675;75;142;75;151
21,6625;21,6875;81;135;71;141
21,675;21,7;82;145;76;143
21,6875;21,7125;77;150;84;139
21,7;21,725;79;144;85;141
21,7125;21,7375;74;134;80;144
21,725;21,75;76;126;84;133
21,7375;21,7625;85;127;82;132
21,75;21,775;73;127;77;136
21,7625;21,7875;65;138;88;142
21,775;21,8;73;134;85;140
21,7875;21,8125;78;124;72;125
21,8;21,825;86;132;81;119
21,8125;21,8375;85;139;87;133
21,825;21,85;71;140;86;146
21,8375;21,8625;73;146;90;145
21,85;21,875;85;140;95;139
21,8625;21,8875;72;135;83;138
21,875;21,9;73;141;71;144
21,8875;21,9125;90;139;73;134
21,9;21,925;88;132;61;135
21,9125;21,9375;79;127;71;145
21,925;21,95;80;132;85;135
21,9375;21,9625;90;146;90;129
21,95;21,975;88;129;91;123
21,9625;21,9875;81;121;74;113
21,975;22;65;131;72;115
21,9875;22,0125;60;133;78;125
22;22,025;76;136;83;133
22,0125;22,0375;87;132;77;139
22,025;22,05;99;133;81;134
22,0375;22,0625;96;136;97;135
22,05;22,075;81;133;88;137
22,0625;22,0875;75;135;84;129
22,075;22,1;81;138;86;131
22,0875;22,1125;82;141;84;132
22,1;22,125;82;150;90;131
22,1125;22,1375;75;134;75;141
22,125;22,15;61;125;67;138
22,1375;22,1625;63;142;69;140
22,15;22,175;61;138;69;152
22,1625;22,1875;59;144;68;159
22,175;22,2;76;161;62;175
22,1875;22,2125;84;166;72;172
22,2;22,225;80;180;83;150
22,2125;22,2375;105;181;73;151
22,225;22,25;99;176;81;166
22,2375;22,2625;77;170;89;169
22,25;22,275;88;168;90;166
22,2625;22,2875;82;162;88;162
22,275;22,3;67;156;74;151
22,2875;22,3125;73;153;78;155
22,3;22,325;86;160;75;156
22,3125;22,3375;92;171;65;151
22,325;22,35;97;161;84;164
22,3375;22,3625;87;164;101;164
22,35;22,375;95;174;97;163
22,3625;22,3875;94;177;81;170
22,375;22,4;79;172;65;162
22,3875;22,4125;82;166;70;158
22,4;22,425;84;168;77;149
22,4125;22,4375;97;178;63;144
22,425;22,45;95;171;50;140
22,4375;22,4625;87;163;48;125
22,45;22,475;94;172;55;128
22,4625;22,4875;91;165;61;123
22,475;22,5;89;163;57;106
22,4875;22,5125;86;164;52;103
22,5;22,525;70;171;52;112
22,5125;22,5375;51;173;54;121
22,525;22,55;46;171;50;128
22,5375;22,5625;70;174;47;132
22,55;22,575;89;163;49;116
22,5625;22,5875;83;171;52;104
22,575;22,6;78;168;63;123
22,5875;22,6125;67;161;59;127
22,6;22,625;80;170;53;109
22,6125;22,6375;100;177;54;109
22,625;22,65;60;147;45;111
22,6375;22,6625;41;112;51;129
22,65;22,675;50;119;62;141
22,6625;22,6875;46;121;60;131
22,675;22,7;37;91;47;122
22,6875;22,7125;24;63;33;105
22,7;22,725;23;71;33;105
22,7125;22,7375;21;74;27;114
22,725;22,75;19;70;24;105
22,7375;22,7625;26;96;33;111
22,75;22,775;62;154;73;173
22,7625;22,7875;88;184;137;226
22,775;22,8;73;196;141;224
22,7875;22,8125;73;209;94;206
22,8;22,825;79;193;66;197
22,8125;22,8375;77;189;88;200
22,825;22,85;87;209;110;202
22,8375;22,8625;99;212;99;204
22,85;22,875;119;202;84;198
22,8625;22,8875;127;198;66;183
22,875;22,9;109;192;80;181
22,8875;22,9125;101;177;108;187
22,9;22,925;84;144;88;161
22,9125;22,9375;51;112;55;137
22,925;22,95;50;127;50;136
22,9375;22,9625;51;125;47;107
22,95;22,975;40;96;50;106
22,9625;22,9875;50;97;54;121
22,975;23;52;101;43;113
22,9875;23,0125;36;117;33;112
23;23,025;22;131;38;111
23,0125;23,0375;21;132;47;123
23,025;23,05;24;123;51;128
23,0375;23,0625;38;127;61;137
23,05;23,075;59;159;85;159
23,0625;23,0875;72;178;93;190
23,075;23,1;107;202;98;224
23,0875;23,1125;124;212;122;248
23,1;23,125;139;230;166;255
23,1125;23,1375;161;241;205;247
23,125;23,15;169;245;205;253
23,1375;23,1625;162;246;197;256
23,15;23,175;141;232;208;250
23,1625;23,1875;136;223;187;240
23,175;23,2;128;202;136;205
23,1875;23,2125;91;177;97;174
23,2;23,225;45;133;59;142
23,2125;23,2375;24;106;30;110
23,225;23,25;38;116;40;129
23,2375;23,2625;44;99;50;114
23,25;23,275;45;91;48;110
23,2625;23,2875;45;93;39;115
23,275;23,3;47;101;32;111
23,2875;23,3125;46;124;37;128
23,3;23,325;55;132;54;126
23,3125;23,3375;84;144;80;147
23,325;23,35;74;130;77;130
23,3375;23,3625;69;112;71;107
23,35;23,375;69;106;73;113
23,3625;23,3875;55;91;71;104
23,375;23,4;41;71;49;83
23,3875;23,4125;30;59;30;73
23,4;23,425;32;59;34;83
23,4125;23,4375;38;65;36;84
23,425;23,45;40;71;32;82
23,4375;23,4625;37;71;35;80
23,45;23,475;30;71;28;83
23,4625;23,4875;22;78;18;89
23,475;23,5;20;80;18;88
23,4875;23,5125;21;72;19;83
23,5;23,525;18;79;19;90
23,5125;23,5375;17;84;17;86
23,525;23,55;20;77;18;66
23,5375;23,5625;21;86;22;81
23,55;23,575;19;96;21;105
23,5625;23,5875;29;107;32;114
23,575;23,6;46;107;57;113
23,5875;23,6125;52;102;67;114
23,6;23,625;65;102;76;113
23,6125;23,6375;66;94;74;106
23,625;23,65;57;99;67;105
23,6375;23,6625;64;105;69;109
23,65;23,675;68;97;65;117
23,6625;23,6875;50;93;61;115
23,675;23,7;46;90;55;106
23,6875;23,7125;65;92;62;106
23,7;23,725;67;97;62;104
23,7125;23,7375;60;98;60;113
23,725;23,75;67;102;72;105
23,7375;23,7625;68;106;84;108
23,75;23,775;70;108;73;132
23,7625;23,7875;69;106;66;126
23,775;23,8;69;105;67;121
23,7875;23,8125;74;107;63;124
23,8;23,825;67;111;71;119
23,8125;23,8375;60;111;75;123
23,825;23,85;61;100;71;127
23,8375;23,8625;63;103;66;126
23,85;23,875;60;112;68;129
23,8625;23,8875;70;108;77;126
23,875;23,9;71;107;76;122
23,8875;23,9125;55;111;62;122
23,9;23,925;57;111;77;130
23,9125;23,9375;66;107;83;128
23,925;23,95;69;107;64;119
23,9375;23,9625;66;107;61;120
23,95;23,975;55;117;63;119
23,9625;23,9875;57;118;65;114
23,975;24;64;110;64;122
23,9875;24,0125;59;107;61;117
24;24,025;51;105;63;114
24,0125;24,0375;52;108;68;119
24,025;24,05;56;122;75;122
24,0375;24,0625;53;122;72;119
24,05;24,075;61;107;66;109
24,0625;24,0875;63;105;70;108
24,075;24,1;59;106;73;120
24,0875;24,1125;71;104;71;121
24,1;24,125;70;112;60;122
24,1125;24,1375;70;124;55;126
24,125;24,15;68;118;57;121
24,1375;24,1625;55;113;67;123
24,15;24,175;62;107;72;115
24,1625;24,1875;58;104;69;113
24,175;24,2;51;118;69;106
24,1875;24,2125;66;125;57;106
24,2;24,225;74;120;60;118
24,2125;24,2375;62;120;61;116
24,225;24,25;48;128;49;117
24,2375;24,2625;48;124;39;124
24,25;24,275;53;119;47;127
24,2625;24,2875;56;128;55;117
24,275;24,3;60;127;54;126
24,2875;24,3125;64;119;58;136
24,3;24,325;61;131;56;133
24,3125;24,3375;59;146;57;130
24,325;24,35;51;140;62;121
24,3375;24,3625;45;127;60;127
24,35;24,375;56;144;54;131
24,3625;24,3875;57;154;51;131
24,375;24,4;53;142;58;137
24,3875;24,4125;53;135;77;149
24,4;24,425;56;137;79;149
24,4125;24,4375;63;141;74;140
24,425;24,45;59;144;73;137
24,4375;24,4625;48;153;74;136
24,45;24,475;61;163;76;131
24,4625;24,4875;79;154;77;125
24,475;24,5;79;139;66;131
24,4875;24,5125;75;139;75;140
24,5;24,525;73;152;76;147
24,5125;24,5375;81;156;68;151
24,525;24,55;86;159;83;148
24,5375;24,5625;95;172;96;153
24,55;24,575;108;174;98;150
24,5625;24,5875;97;150;95;146
24,575;24,6;88;145;100;158
24,5875;24,6125;94;167;93;169
24,6;24,625;81;161;81;157
24,6125;24,6375;64;152;75;148
24,625;24,65;82;157;82;147
24,6375;24,6625;94;152;87;133
24,65;24,675;58;133;60;134
24,6625;24,6875;47;125;50;130
24,675;24,7;62;124;62;129
24,6875;24,7125;47;109;57;124
24,7;24,725;40;93;46;107
24,7125;24,7375;42;85;44;97
24,725;24,75;32;78;39;84
24,7375;24,7625;29;81;30;90
24,75;24,775;38;77;33;90
24,7625;24,7875;36;79;32;95
24,775;24,8;44;109;42;120
24,7875;24,8125;73;151;66;149
24,8;24,825;98;189;91;180
24,8125;24,8375;94;207;107;206
24,825;24,85;93;200;115;224
24,8375;24,8625;106;174;108;196
24,85;24,875;86;168;95;186
24,8625;24,8875;67;179;79;197
24,875;24,9;58;163;74;177
24,8875;24,9125;49;138;71;162
24,9;24,925;48;106;50;124
24,9125;24,9375;41;81;41;99
24,925;24,95;42;77;40;109
24,9375;24,9625;42;82;51;112
24,95;24,975;39;92;45;103
24,9625;24,9875;45;88;34;103
24,975;25;52;83;42;105
24,9875;25,0125;41;97;38;106
25;25,025;29;111;35;114
25,0125;25,0375;30;117;24;117
25,025;25,05;27;129;13;131
25,0375;25,0625;36;136;34;138
25,05;25,075;62;159;75;160
25,0625;25,0875;86;181;83;182
25,075;25,1;88;171;83;186
25,0875;25,1125;76;149;85;188
25,1;25,125;70;146;89;183
25,1125;25,1375;87;172;100;171
25,125;25,15;105;196;90;167
25,1375;25,1625;100;191;76;172
25,15;25,175;92;169;79;167
25,1625;25,1875;88;176;89;181
25,175;25,2;85;171;91;170
25,1875;25,2125;80;152;81;143
25,2;25,225;67;139;66;127
25,2125;25,2375;52;130;66;117
25,225;25,25;45;119;69;119
25,2375;25,2625;53;115;67;122
25,25;25,275;51;107;58;117
25,2625;25,2875;55;100;56;117
25,275;25,3;65;95;62;119
25,2875;25,3125;63;113;62;122
25,3;25,325;65;154;60;128
25,3125;25,3375;67;147;62;127
25,325;25,35;73;136;64;128
25,3375;25,3625;58;119;47;111
25,35;25,375;47;112;54;110
25,3625;25,3875;54;104;63;109
25,375;25,4;49;75;53;103
25,3875;25,4125;42;75;43;107
25,4;25,425;37;86;32;103
25,4125;25,4375;35;76;29;87
25,425;25,45;25;65;24;79
25,4375;25,4625;29;68;26;84
25,45;25,475;32;66;33;86
25,4625;25,4875;29;57;33;86
25,475;25,5;27;58;24;78
25,4875;25,5125;26;70;25;90
25,5;25,525;23;80;29;97
25,5125;25,5375;18;81;24;95
25,525;25,55;21;79;20;100
25,5375;25,5625;25;68;18;94
25,55;25,575;24;68;18;84
25,5625;25,5875;26;82;18;76
25,575;25,6;26;88;18;86
25,5875;25,6125;24;97;23;105
25,6;25,625;25;105;28;122
25,6125;25,6375;23;95;27;117
25,625;25,65;13;93;19;114
25,6375;25,6625;11;104;17;115
25,65;25,675;16;104;24;107
25,6625;25,6875;24;100;44;115
25,675;25,7;41;105;59;118
25,6875;25,7125;45;114;59;119
25,7;25,725;34;104;51;118
25,7125;25,7375;31;100;49;113
25,725;25,75;38;112;52;115
25,7375;25,7625;42;113;55;118
25,75;25,775;44;109;49;116
25,7625;25,7875;43;117;53;117
25,775;25,8;45;115;57;122
25,7875;25,8125;41;111;55;118
25,8;25,825;41;108;67;115
25,8125;25,8375;50;106;55;112
25,825;25,85;48;108;50;113
25,8375;25,8625;45;122;74;135
25,85;25,875;43;129;78;149
25,8625;25,8875;45;124;75;149
25,875;25,9;53;116;83;148
25,8875;25,9125;50;128;83;160
25,9;25,925;51;136;98;170
25,9125;25,9375;57;138;105;166
25,925;25,95;61;161;104;166
25,9375;25,9625;60;169;96;163
25,95;25,975;60;181;56;141
25,9625;25,9875;60;196;49;137
25,975;26;70;181;55;126
25,9875;26,0125;80;165;47;113
26;26,025;74;165;59;152
26,0125;26,0375;71;164;71;161
26,025;26,05;59;168;79;142
26,0375;26,0625;68;159;78;149
26,05;26,075;85;148;79;165
26,0625;26,0875;89;162;80;164
26,075;26,1;84;167;67;153
26,0875;26,1125;76;156;53;147
26,1;26,125;78;147;59;151
26,1125;26,1375;87;159;67;162
26,125;26,15;93;166;71;160
26,1375;26,1625;87;160;82;154
26,15;26,175;86;159;69;161
26,1625;26,1875;90;157;61;174
26,175;26,2;90;155;58;165
26,1875;26,2125;89;155;65;157
26,2;26,225;82;166;70;164
26,2125;26,2375;77;168;54;146
26,225;26,25;84;158;56;140
26,2375;26,2625;80;151;70;139
26,25;26,275;74;160;74;125
26,2625;26,2875;74;173;75;129
26,275;26,3;75;166;63;130
26,2875;26,3125;71;163;64;133
26,3;26,325;90;169;78;155
26,3125;26,3375;110;165;72;149
26,325;26,35;98;163;66;144
26,3375;26,3625;84;160;86;159
26,35;26,375;81;166;105;167
26,3625;26,3875;86;177;94;165
26,375;26,4;87;172;79;169
26,3875;26,4125;80;177;82;171
26,4;26,425;79;176;83;170
26,4125;26,4375;77;172;68;172
26,425;26,45;77;185;73;163
26,4375;26,4625;82;189;76;150
26,45;26,475;80;177;68;158
26,4625;26,4875;82;166;71;154
26,475;26,5;83;164;64;143
26,4875;26,5125;88;179;61;145
26,5;26,525;98;186;74;149
26,5125;26,5375;103;181;77;154
26,525;26,55;114;187;80;156
26,5375;26,5625;115;192;79;165
26,55;26,575;113;205;63;165
26,5625;26,5875;101;202;76;152
26,575;26,6;87;191;80;149
26,5875;26,6125;77;167;81;169
26,6;26,625;84;158;79;165
26,6125;26,6375;94;179;74;164
26,625;26,65;95;174;93;176
26,6375;26,6625;86;162;84;174
26,65;26,675;80;168;76;177
26,6625;26,6875;83;164;81;170
26,675;26,7;76;165;85;158
26,6875;26,7125;79;164;81;152
26,7;26,725;75;172;74;164
26,7125;26,7375;88;190;82;173
26,725;26,75;111;196;91;165
26,7375;26,7625;112;206;96;172
26,75;26,775;116;204;83;170
26,7625;26,7875;106;201;78;160
26,775;26,8;79;200;85;155
26,7875;26,8125;70;207;80;162
26,8;26,825;98;200;83;167
26,8125;26,8375;126;186;94;159
26,825;26,85;138;195;93;165
26,8375;26,8625;114;195;94;170
26,85;26,875;92;194;91;175
26,8625;26,8875;93;198;85;166
26,875;26,9;94;188;100;163
26,8875;26,9125;110;181;109;173
26,9;26,925;114;202;101;152
26,9125;26,9375;116;209;107;154
26,925;26,95;114;194;116;180
26,9375;26,9625;112;192;96;165
26,95;26,975;126;193;81;145
26,9625;26,9875;120;197;76;153
26,975;27;88;196;105;179
26,9875;27,0125;78;196;132;200
27;27,025;94;191;109;190
27,0125;27,0375;97;191;91;183
27,025;27,05;95;201;88;196
27,0375;27,0625;92;199;80;208
27,05;27,075;93;192;83;208
27,0625;27,0875;87;183;89;215
27,075;27,1;104;193;91;197
27,0875;27,1125;129;209;90;164
27,1;27,125;110;208;85;160
27,1125;27,1375;108;202;75;173
27,125;27,15;119;185;80;185
27,1375;27,1625;97;172;104;177
27,15;27,175;76;151;91;160
27,1625;27,1875;79;141;76;158
27,175;27,2;68;152;72;150
27,1875;27,2125;65;154;74;155
27,2;27,225;60;149;67;155
27,2125;27,2375;40;144;40;137
27,225;27,25;31;140;36;131
27,2375;27,2625;26;118;40;128
27,25;27,275;23;112;44;149
27,2625;27,2875;23;113;63;171
27,275;27,3;54;126;78;175
27,2875;27,3125;93;166;84;190
27,3;27,325;98;188;92;202
27,3125;27,3375;95;188;106;192
27,325;27,35;114;202;121;196
27,3375;27,3625;129;219;128;208
27,35;27,375;113;220;138;210
27,3625;27,3875;115;205;130;208
27,375;27,4;119;190;119;207
27,3875;27,4125;93;186;117;197
27,4;27,425;89;179;110;177
27,4125;27,4375;105;186;116;177
27,425;27,45;102;186;120;189
27,4375;27,4625;83;175;99;180
27,45;27,475;70;159;71;156
27,4625;27,4875;52;144;64;133
27,475;27,5;56;136;61;124
27,4875;27,5125;48;116;50;133
27,5;27,525;29;114;53;148
27,5125;27,5375;29;107;48;137
27,525;27,55;28;96;38;115
27,5375;27,5625;26;95;46;114
27,55;27,575;25;89;49;130
27,5625;27,5875;27;97;49;143
27,575;27,6;24;111;50;137
27,5875;27,6125;15;132;52;124
27,6;27,625;20;152;58;142
27,6125;27,6375;38;173;58;154
27,625;27,65;63;196;67;155
27,6375;27,6625;89;209;101;194
27,65;27,675;103;223;122;215
27,6625;27,6875;97;228;82;181
27,675;27,7;116;234;48;158
27,6875;27,7125;138;233;53;166
27,7;27,725;111;217;54;155
27,7125;27,7375;95;210;61;160
27,725;27,75;108;213;67;172
27,7375;27,7625;121;212;63;163
27,75;27,775;91;191;55;153
27,7625;27,7875;47;196;56;159
27,775;27,8;53;221;58;181
27,7875;27,8125;103;214;69;184
27,8;27,825;139;220;90;171
27,8125;27,8375;125;216;86;165
27,825;27,85;100;199;81;170
27,8375;27,8625;82;171;86;177
27,85;27,875;62;133;80;158
27,8625;27,8875;63;137;65;164
27,875;27,9;56;134;55;177
27,8875;27,9125;37;138;55;166
27,9;27,925;36;146;60;159
27,9125;27,9375;58;149;61;137
27,925;27,95;60;139;53;116
27,9375;27,9625;52;124;56;136
27,95;27,975;41;130;54;161
27,9625;27,9875;30;126;50;165
27,975;28;42;131;54;158
27,9875;28,0125;32;139;49;146
28;28,025;40;159;46;137
28,0125;28,0375;62;180;46;157
28,025;28,05;69;183;52;174
28,0375;28,0625;75;193;60;152
28,05;28,075;66;191;69;127
28,0625;28,0875;93;200;80;139
28,075;28,1;150;217;84;151
28,0875;28,1125;153;216;76;149
28,1;28,125;133;207;69;156
28,1125;28,1375;138;215;86;158
28,125;28,15;131;220;83;161
28,1375;28,1625;87;204;54;164
28,15;28,175;43;189;55;158
28,1625;28,1875;41;190;60;159
28,175;28,2;67;186;48;161
28,1875;28,2125;100;181;55;151
28,2;28,225;84;170;63;138
28,2125;28,2375;53;156;62;140
28,225;28,25;57;130;58;138
28,2375;28,2625;60;114;48;134
28,25;28,275;58;127;48;143
28,2625;28,2875;49;121;41;142
28,275;28,3;33;103;23;120
28,2875;28,3125;23;85;17;94
28,3;28,325;20;85;27;98
28,3125;28,3375;18;95;34;114
28,325;28,35;21;79;51;140
28,3375;28,3625;29;71;52;149
28,35;28,375;27;76;33;114
28,3625;28,3875;15;82;31;103
28,375;28,4;12;94;24;109
28,3875;28,4125;11;111;15;104
28,4;28,425;9;121;11;104
28,4125;28,4375;11;117;11;117
28,425;28,45;15;118;19;136
28,4375;28,4625;14;133;22;159
28,45;28,475;14;140;28;167
28,4625;28,4875;13;137;41;166
28,475;28,5;13;132;42;161
28,4875;28,5125;25;148;49;158
28,5;28,525;36;160;55;170
28,5125;28,5375;39;156;77;188
28,525;28,55;60;183;87;190
28,5375;28,5625;83;206;88;183
28,55;28,575;78;195;91;172
28,5625;28,5875;69;183;71;179
28,575;28,6;65;192;71;193
28,5875;28,6125;54;186;86;196
28,6;28,625;64;177;94;194
28,6125;28,6375;86;177;94;192
28,625;28,65;81;177;78;192
28,6375;28,6625;83;181;76;192
28,65;28,675;88;168;95;197
28,6625;28,6875;86;165;95;188
28,675;28,7;80;177;81;178
28,6875;28,7125;76;172;82;174
28,7;28,725;77;173;93;173
28,7125;28,7375;79;170;95;178
28,725;28,75;78;164;86;174
28,7375;28,7625;69;165;86;167
28,75;28,775;62;178;84;183
28,7625;28,7875;71;185;70;178
28,775;28,8;76;176;54;154
28,7875;28,8125;76;167;46;151
28,8;28,825;82;171;46;145
28,8125;28,8375;76;181;49;140
28,825;28,85;101;190;57;149
28,8375;28,8625;139;197;57;142
28,85;28,875;156;207;62;139
28,8625;28,8875;145;212;64;150
28,875;28,9;115;206;65;159
28,8875;28,9125;112;197;78;173
28,9;28,925;119;189;83;174
28,9125;28,9375;120;195;92;172
28,925;28,95;115;195;86;157
28,9375;28,9625;107;190;71;154
28,95;28,975;92;189;68;149
28,9625;28,9875;83;180;57;134
28,975;29;106;191;47;136
28,9875;29,0125;100;204;55;148
29;29,025;85;186;72;171
29,0125;29,0375;89;187;91;182
29,025;29,05;89;197;87;176
29,0375;29,0625;86;197;68;167
29,05;29,075;84;188;55;158
29,0625;29,0875;88;168;53;154
29,075;29,1;91;159;71;159
29,0875;29,1125;96;170;85;162
29,1;29,125;118;175;81;168
29,1125;29,1375;109;177;72;154
29,125;29,15;101;176;66;154
29,1375;29,1625;100;180;70;181
29,15;29,175;101;190;77;185
29,1625;29,1875;115;195;87;174
29,175;29,2;117;203;94;185
29,1875;29,2125;126;212;114;206
29,2;29,225;130;201;119;203
29,2125;29,2375;143;201;107;203
29,225;29,25;146;218;120;209
29,2375;29,2625;141;220;120;221
29,25;29,275;144;214;114;224
29,2625;29,2875;131;201;128;234
29,275;29,3;127;204;134;238
29,2875;29,3125;142;207;126;222
29,3;29,325;143;203;118;221
29,3125;29,3375;129;208;105;223
29,325;29,35;109;211;88;210
29,3375;29,3625;105;199;87;210
29,35;29,375;110;188;89;220
29,3625;29,3875;116;187;90;199
29,375;29,4;127;190;85;197
29,3875;29,4125;115;203;66;215
29,4;29,425;90;190;63;196
29,4125;29,4375;99;177;70;173
29,425;29,45;116;191;97;180
29,4375;29,4625;124;198;116;197
29,45;29,475;135;191;99;189
29,4625;29,4875;127;189;88;190
29,475;29,5;102;186;69;177
29,4875;29,5125;81;171;60;173
29,5;29,525;80;168;75;173
29,5125;29,5375;80;175;86;158
29,525;29,55;90;178;86;166
29,5375;29,5625;103;183;120;188
29,55;29,575;105;199;137;201
29,5625;29,5875;118;195;123;188
29,575;29,6;135;185;121;176
29,5875;29,6125;132;193;125;194
29,6;29,625;118;196;130;193
29,6125;29,6375;105;187;104;177
29,625;29,65;95;185;95;184
29,6375;29,6625;118;191;102;186
29,65;29,675;130;203;102;175
29,6625;29,6875;101;200;107;170
29,675;29,7;78;191;93;158
29,6875;29,7125;102;191;86;166
29,7;29,725;129;194;96;178
29,7125;29,7375;110;194;87;168
29,725;29,75;100;193;83;176
29,7375;29,7625;109;202;59;178
29,75;29,775;117;201;55;168
29,7625;29,7875;144;201;74;177
29,775;29,8;158;198;65;159
29,7875;29,8125;134;195;61;147
29,8;29,825;112;198;78;170
29,8125;29,8375;118;197;78;182
29,825;29,85;131;194;76;179
29,8375;29,8625;136;185;81;177
29,85;29,875;136;195;80;191
29,8625;29,8875;130;197;98;210
29,875;29,9;121;184;115;204
29,8875;29,9125;124;188;114;194
29,9;29,925;131;194;118;203
29,9125;29,9375;130;203;123;208
29,925;29,95;134;205;122;202
29,9375;29,9625;132;205;121;202
29,95;29,975;141;208;122;207
29,9625;29,9875;142;212;129;197
29,975;30;134;213;120;188
29,9875;30,0125;126;212;103;201
30;30,025;138;219;82;213
30,0125;30,0375;162;210;73;199
30,025;30,05;159;205;112;199
30,0375;30,0625;137;214;116;215
30,05;30,075;134;217;95;204
30,0625;30,0875;131;216;96;200
30,075;30,1;99;205;88;205
30,0875;30,1125;102;205;83;209
30,1;30,125;119;211;94;208
30,1125;30,1375;122;206;116;217
30,125;30,15;109;201;119;224
30,1375;30,1625;96;208;99;197
30,15;30,175;90;205;118;203
30,1625;30,1875;101;195;120;222
30,175;30,2;102;190;93;222
30,1875;30,2125;91;181;122;231
30,2;30,225;91;168;143;231
30,2125;30,2375;81;168;138;215
30,225;30,25;82;187;146;221
30,2375;30,2625;83;188;147;227
30,25;30,275;89;181;124;219
30,2625;30,2875;96;179;99;202
30,275;30,3;72;169;102;191
30,2875;30,3125;60;168;108;207
30,3;30,325;61;169;119;213
30,3125;30,3375;63;160;125;214
30,325;30,35;73;166;125;211
30,3375;30,3625;72;177;121;207
30,35;30,375;75;173;92;184
30,3625;30,3875;85;175;66;163
30,375;30,4;92;174;64;156
30,3875;30,4125;93;179;47;139
30,4;30,425;84;184;46;152
30,4125;30,4375;76;170;61;170
30,425;30,45;82;172;61;170
30,4375;30,4625;98;183;68;173
30,45;30,475;98;185;68;160
30,4625;30,4875;119;191;69;161
30,475;30,5;153;203;74;168
30,4875;30,5125;148;212;69;170
30,5;30,525;159;214;61;173
30,5125;30,5375;175;213;70;167
30,525;30,55;170;217;78;168
30,5375;30,5625;171;218;68;178
30,55;30,575;173;217;74;165
30,5625;30,5875;159;214;77;151
30,575;30,6;127;205;75;177
30,5875;30,6125;108;199;96;197
30,6;30,625;107;199;121;184
30,6125;30,6375;109;193;112;183
30,625;30,65;112;177;81;185
30,6375;30,6625;124;188;78;171
30,65;30,675;125;201;91;167
30,6625;30,6875;117;177;80;181
30,675;30,7;98;162;73;172
30,6875;30,7125;88;167;69;159
30,7;30,725;92;148;74;172
30,7125;30,7375;88;137;77;172
30,725;30,75;91;163;64;167
30,7375;30,7625;111;184;72;171
30,75;30,775;128;197;91;175
30,7625;30,7875;118;190;114;180
30,775;30,8;91;170;122;191
30,7875;30,8125;89;168;125;200
30,8;30,825;101;174;122;196
30,8125;30,8375;107;183;108;194
30,825;30,85;104;178;106;205
30,8375;30,8625;108;170;105;212
30,85;30,875;116;176;110;216
30,8625;30,8875;109;175;118;207
30,875;30,9;107;183;125;209
30,8875;30,9125;109;193;137;216
30,9;30,925;101;172;123;196
30,9125;30,9375;97;157;121;192
30,925;30,95;92;169;123;203
30,9375;30,9625;82;159;112;188
30,95;30,975;75;142;99;178
30,9625;30,9875;77;144;94;187
30,975;31;77;148;104;191
30,9875;31,0125;67;156;91;195
31;31,025;72;160;94;205
31,0125;31,0375;77;160;95;212
31,025;31,05;70;159;69;204
31,0375;31,0625;64;157;67;200
31,05;31,075;65;152;99;200
31,0625;31,0875;63;162;110;182
31,075;31,1;65;163;90;179
31,0875;31,1125;64;150;89;176
31,1;31,125;77;153;94;162
31,1125;31,1375;81;157;72;159
31,125;31,15;75;170;59;151
31,1375;31,1625;89;183;67;151
31,15;31,175;82;179;72;159
31,1625;31,1875;64;174;81;163
31,175;31,2;52;175;84;169
31,1875;31,2125;51;171;77;161
31,2;31,225;55;159;81;152
31,2125;31,2375;59;158;81;161
31,225;31,25;52;162;57;160
31,2375;31,2625;48;174;51;144
31,25;31,275;52;178;67;149
31,2625;31,2875;56;170;66;146
31,275;31,3;80;173;59;150
31,2875;31,3125;95;180;55;155
31,3;31,325;103;182;45;157
31,3125;31,3375;117;196;60;162
31,325;31,35;100;200;71;162
31,3375;31,3625;71;183;70;164
31,35;31,375;81;180;78;168
31,3625;31,3875;75;178;58;181
31,375;31,4;64;177;50;179
31,3875;31,4125;72;180;72;172
31,4;31,425;82;180;74;165
31,4125;31,4375;81;172;79;152
31,425;31,45;75;167;73;165
31,4375;31,4625;80;158;63;180
31,45;31,475;74;150;66;178
31,4625;31,4875;66;152;59;152
31,475;31,5;73;160;74;150
31,4875;31,5125;91;161;71;172
31,5;31,525;82;159;62;164
31,5125;31,5375;73;156;71;154
31,525;31,55;71;139;62;145
31,5375;31,5625;70;151;57;149
31,55;31,575;83;172;61;148
31,5625;31,5875;86;159;89;140
31,575;31,6;79;159;83;144
31,5875;31,6125;76;164;72;135
31,6;31,625;76;150;88;155
31,6125;31,6375;79;163;79;159
31,625;31,65;91;176;58;146
31,6375;31,6625;93;157;56;149
31,65;31,675;87;158;64;143
31,6625;31,6875;80;177;70;144
31,675;31,7;77;187;54;154
31,6875;31,7125;86;184;42;147
31,7;31,725;96;177;69;152
31,7125;31,7375;89;179;66;172
31,725;31,75;70;186;49;165
31,7375;31,7625;71;195;46;145
31,75;31,775;81;195;53;159
31,7625;31,7875;88;191;58;175
31,775;31,8;84;173;61;159
31,7875;31,8125;70;163;64;156
31,8;31,825;69;177;59;163
31,8125;31,8375;82;188;66;159
31,825;31,85;79;178;72;161
31,8375;31,8625;64;157;69;146
31,85;31,875;58;165;62;128
31,8625;31,8875;70;166;62;126
31,875;31,9;68;156;68;141
31,8875;31,9125;57;159;63;162
31,9;31,925;66;156;68;158
31,9125;31,9375;69;155;64;142
31,925;31,95;75;148;59;139
31,9375;31,9625;78;147;70;144
31,95;31,975;86;148;75;138
31,9625;31,9875;81;146;84;123
31,975;32;79;149;84;118
31,9875;32,0125;86;138;72;121
32;32,025;85;143;73;122
32,0125;32,0375;77;145;79;137
32,025;32,05;67;146;65;146
32,0375;32,0625;74;140;60;129
32,05;32,075;75;134;66;121
32,0625;32,0875;70;152;59;137
32,075;32,1;65;147;60;148
32,0875;32,1125;66;137;61;139
32,1;32,125;79;132;59;128
32,1125;32,1375;83;126;74;137
32,125;32,15;73;142;76;139
32,1375;32,1625;72;156;62;127
32,15;32,175;80;149;68;129
32,1625;32,1875;81;140;72;138
32,175;32,2;83;140;70;134
32,1875;32,2125;80;130;69;128
32,2;32,225;83;135;81;131
32,2125;32,2375;91;148;88;149
32,225;32,25;90;148;82;152
32,2375;32,2625;84;155;85;137
32,25;32,275;71;152;81;133
32,2625;32,2875;60;148;87;138
32,275;32,3;74;155;102;141
32,2875;32,3125;82;153;100;133
32,3;32,325;69;154;95;132
32,3125;32,3375;71;174;98;133
32,325;32,35;72;169;97;125
32,3375;32,3625;91;152;93;122
32,35;32,375;91;162;100;140
32,3625;32,3875;73;181;104;145
32,375;32,4;63;182;99;138
32,3875;32,4125;46;168;104;141
32,4;32,425;58;168;108;141
32,4125;32,4375;74;161;114;140
32,425;32,45;76;149;110;139
32,4375;32,4625;66;159;106;145
32,45;32,475;87;184;105;152
32,4625;32,4875;110;184;106;158
32,475;32,5;84;185;112;167
32,4875;32,5125;77;188;90;172
32,5;32,525;81;171;93;183
32,5125;32,5375;59;154;104;196
32,525;32,55;69;167;102;206
32,5375;32,5625;94;170;97;207
32,55;32,575;92;154;93;208
32,5625;32,5875;80;162;84;199
32,575;32,6;86;170;90;195
32,5875;32,6125;92;176;92;203
32,6;32,625;94;188;83;193
32,6125;32,6375;80;178;92;184
32,625;32,65;53;155;94;186
32,6375;32,6625;60;161;93;182
32,65;32,675;78;177;102;193
32,6625;32,6875;78;177;111;190
32,675;32,7;76;167;105;164
32,6875;32,7125;84;166;102;157
32,7;32,725;85;163;105;152
32,7125;32,7375;81;142;110;148
32,725;32,75;67;120;109;165
32,7375;32,7625;61;133;108;171
32,75;32,775;72;144;93;157
32,7625;32,7875;71;146;83;170
32,775;32,8;78;147;102;186
32,7875;32,8125;80;137;120;194
32,8;32,825;77;118;124;179
32,8125;32,8375;95;116;110;160
32,825;32,85;103;138;96;159
32,8375;32,8625;88;120;95;144
32,85;32,875;88;97;104;140
32,8625;32,8875;92;113;111;140
32,875;32,9;100;133;103;131
32,8875;32,9125;100;120;92;135
32,9;32,925;85;101;82;140
32,9125;32,9375;82;102;78;127
32,925;32,95;83;97;89;124
32,9375;32,9625;81;95;94;128
32,95;32,975;76;89;87;118
32,9625;32,9875;75;84;86;119
32,975;33;71;90;79;114
32,9875;33,0125;69;102;80;105
33;33,025;83;126;94;130
33,0125;33,0375;98;145;103;148
33,025;33,05;108;159;106;155
33,0375;33,0625;117;178;104;157
33,05;33,075;106;175;103;156
33,0625;33,0875;94;159;108;164
33,075;33,1;103;157;111;164
33,0875;33,1125;94;151;107;163
33,1;33,125;94;153;100;169
33,1125;33,1375;108;170;101;172
33,125;33,15;102;172;112;164
33,1375;33,1625;106;168;130;163
33,15;33,175;118;174;131;162
33,1625;33,1875;120;173;116;158
33,175;33,2;128;173;123;159
33,1875;33,2125;132;173;128;163
33,2;33,225;117;161;133;168
33,2125;33,2375;108;160;137;171
33,225;33,25;118;169;132;164
33,2375;33,2625;130;171;142;161
33,25;33,275;124;169;138;162
33,2625;33,2875;110;162;130;157
33,275;33,3;97;139;126;154
33,2875;33,3125;97;133;116;157
33,3;33,325;96;148;115;153
33,3125;33,3375;86;146;116;149
33,325;33,35;87;145;106;144
33,3375;33,3625;86;143;95;139
33,35;33,375;63;142;81;147
33,3625;33,3875;50;141;80;155
33,375;33,4;50;134;79;151
33,3875;33,4125;48;127;75;146
33,4;33,425;46;130;84;143
33,4125;33,4375;38;126;82;139
33,425;33,45;34;110;64;137
33,4375;33,4625;30;109;47;126
33,45;33,475;28;124;52;130
33,4625;33,4875;36;143;66;143
33,475;33,5;44;148;64;142
33,4875;33,5125;34;140;58;139
33,5;33,525;28;139;63;148
33,5125;33,5375;35;155;78;154
33,525;33,55;26;154;70;151
33,5375;33,5625;26;140;77;162
33,55;33,575;33;153;91;166
33,5625;33,5875;21;142;76;168
33,575;33,6;17;110;51;170
33,5875;33,6125;25;84;45;167
33,6;33,625;22;53;44;159
33,6125;33,6375;14;34;32;153
33,625;33,65;16;27;52;152
33,6375;33,6625;15;42;58;149
33,65;33,675;11;52;36;155
33,6625;33,6875;15;41;24;135
33,675;33,7;18;32;21;115
33,6875;33,7125;14;36;54;140
33,7;33,725;13;68;75;169
33,7125;33,7375;20;97;83;196
33,725;33,75;21;116;96;226
33,7375;33,7625;21;144;75;212
33,75;33,775;25;156;75;188
33,7625;33,7875;24;141;88;198
33,775;33,8;25;144;84;217
33,7875;33,8125;45;166;76;204
33,8;33,825;46;176;44;190
33,8125;33,8375;37;158;27;158
33,825;33,85;42;120;42;113
33,8375;33,8625;44;117;48;112
33,85;33,875;57;119;44;104
33,8625;33,8875;60;108;48;104
33,875;33,9;62;108;60;108
33,8875;33,9125;64;106;57;102
33,9;33,925;61;94;48;99
33,9125;33,9375;52;94;50;102
33,925;33,95;39;97;48;89
33,9375;33,9625;47;94;57;91
33,95;33,975;57;100;66;96
33,9625;33,9875;49;102;60;87
33,975;34;52;113;57;93
33,9875;34,0125;56;127;63;88
34;34,025;51;126;68;97
34,0125;34,0375;46;124;57;102
34,025;34,05;54;130;39;92
34,0375;34,0625;66;137;32;106
34,05;34,075;56;128;39;107
34,0625;34,0875;49;130;40;95
34,075;34,1;56;144;43;100
34,0875;34,1125;66;156;48;107
34,1;34,125;71;143;43;120
34,1125;34,1375;69;135;49;139
34,125;34,15;56;151;44;145
34,1375;34,1625;69;151;68;160
34,15;34,175;102;143;142;195
34,1625;34,1875;117;139;178;211
34,175;34,2;128;144;188;216
34,1875;34,2125;134;145;187;212
34,2;34,225;130;151;124;176
34,2125;34,2375;110;151;56;128
34,225;34,25;101;150;69;115
34,2375;34,2625;104;147;94;133
34,25;34,275;96;146;100;139
34,2625;34,2875;108;152;107;141
34,275;34,3;117;143;77;137
34,2875;34,3125;113;134;48;138
34,3;34,325;102;140;40;140
34,3125;34,3375;97;146;39;124
34,325;34,35;106;153;65;123
34,3375;34,3625;107;146;93;141
34,35;34,375;101;151;91;141
34,3625;34,3875;96;151;71;109
34,375;34,4;93;142;52;105
34,3875;34,4125;92;144;63;145
34,4;34,425;90;154;74;155
34,4125;34,4375;84;150;70;137
34,425;34,45;83;138;61;133
34,4375;34,4625;96;148;55;134
34,45;34,475;104;161;54;132
34,4625;34,4875;105;170;57;138
34,475;34,5;100;177;79;149
34,4875;34,5125;79;176;75;172
34,5;34,525;75;164;75;181
34,5125;34,5375;95;181;82;186
34,525;34,55;87;180;71;174
34,5375;34,5625;76;154;70;166
34,55;34,575;94;161;58;148
34,5625;34,5875;86;157;33;128
34,575;34,6;75;149;44;159
34,5875;34,6125;71;160;54;167
34,6;34,625;80;176;70;168
34,6125;34,6375;85;168;63;158
34,625;34,65;74;144;37;139
34,6375;34,6625;81;144;48;157
34,65;34,675;92;154;56;164
34,6625;34,6875;90;161;71;155
34,675;34,7;76;143;57;130
34,6875;34,7125;86;145;46;129
34,7;34,725;90;178;53;138
34,7125;34,7375;82;183;48;142
34,725;34,75;84;163;53;138
34,7375;34,7625;85;159;66;136
34,75;34,775;83;165;70;151
34,7625;34,7875;82;157;65;151
34,775;34,8;73;149;73;157
34,7875;34,8125;77;158;82;172
34,8;34,825;87;150;85;176
34,8125;34,8375;87;138;88;164
34,825;34,85;81;161;89;158
34,8375;34,8625;68;163;82;166
34,85;34,875;73;157;81;175
34,8625;34,8875;92;159;80;171
34,875;34,9;91;156;92;174
34,8875;34,9125;71;161;96;174
34,9;34,925;91;178;76;163
34,9125;34,9375;102;180;61;158
34,925;34,95;89;180;74;161
34,9375;34,9625;92;174;82;168
34,95;34,975;85;156;91;162
34,9625;34,9875;70;159;91;160
34,975;35;71;163;76;166
34,9875;35,0125;76;165;73;156
35;35,025;77;161;71;145
35,0125;35,0375;89;155;77;139
35,025;35,05;100;158;83;155
35,0375;35,0625;83;155;72;173
35,05;35,075;64;158;66;170
35,0625;35,0875;64;162;71;172
35,075;35,1;60;158;75;173
35,0875;35,1125;69;165;82;174
35,1;35,125;68;162;76;162
35,1125;35,1375;54;159;70;154
35,125;35,15;69;163;67;166
35,1375;35,1625;80;171;69;166
35,15;35,175;94;167;76;159
35,1625;35,1875;105;170;82;160
35,175;35,2;89;180;73;160
35,1875;35,2125;73;159;61;157
35,2;35,225;72;164;54;164
35,2125;35,2375;76;175;74;170
35,225;35,25;67;161;81;181
35,2375;35,2625;64;148;73;183
35,25;35,275;83;133;96;168
35,2625;35,2875;105;146;134;176
35,275;35,3;116;173;174;197
35,2875;35,3125;121;182;195;204
35,3;35,325;128;185;198;211
35,3125;35,3375;111;173;167;205
35,325;35,35;91;154;129;193
35,3375;35,3625;91;165;122;180
35,35;35,375;76;157;100;173
35,3625;35,3875;65;146;63;149
35,375;35,4;53;152;43;141
35,3875;35,4125;42;123;32;129
35,4;35,425;52;132;57;135
35,4125;35,4375;48;118;62;135
35,425;35,45;38;106;47;108
35,4375;35,4625;52;156;50;148
35,45;35,475;53;156;54;184
35,4625;35,4875;45;131;50;153
35,475;35,5;43;132;38;129
35,4875;35,5125;43;139;41;125
35,5;35,525;38;121;34;99
35,5125;35,5375;27;108;30;97
35,525;35,55;39;115;38;108
35,5375;35,5625;73;143;46;118
35,55;35,575;69;157;41;140
35,5625;35,5875;45;158;50;156
35,575;35,6;57;147;65;155
35,5875;35,6125;68;140;60;158
35,6;35,625;60;159;51;156
35,6125;35,6375;68;154;57;149
35,625;35,65;83;136;87;152
35,6375;35,6625;89;126;106;146
35,65;35,675;88;123;106;143
35,6625;35,6875;61;125;93;155
35,675;35,7;35;128;63;148
35,6875;35,7125;23;125;37;138
35,7;35,725;18;111;26;105
35,7125;35,7375;17;86;23;49
35,725;35,75;14;63;19;39
35,7375;35,7625;15;67;22;61
35,75;35,775;19;70;27;67
35,7625;35,7875;20;72;25;81
35,775;35,8;25;66;24;85
35,7875;35,8125;33;47;28;62
35,8;35,825;33;48;31;59
35,8125;35,8375;31;48;30;59
35,825;35,85;32;47;30;65
35,8375;35,8625;27;51;26;62
35,85;35,875;19;53;22;56
35,8625;35,8875;19;63;22;57
35,875;35,9;19;69;22;54
35,8875;35,9125;18;59;22;50
35,9;35,925;20;52;22;43
35,9125;35,9375;24;59;23;42
35,925;35,95;22;55;21;50
35,9375;35,9625;16;56;19;77
35,95;35,975;13;62;24;92
35,9625;35,9875;14;65;25;93
35,975;36;15;66;19;97
35,9875;36,0125;20;83;25;94
36;36,025;28;117;28;105
36,0125;36,0375;29;136;26;122
36,025;36,05;24;131;34;134
36,0375;36,0625;29;138;34;139
36,05;36,075;31;143;31;136
36,0625;36,0875;24;134;32;134
36,075;36,1;21;147;29;132
36,0875;36,1125;23;160;29;130
36,1;36,125;27;159;40;149
36,1125;36,1375;34;158;50;150
36,125;36,15;35;160;50;140
36,1375;36,1625;32;177;50;144
36,15;36,175;44;171;59;150
36,1625;36,1875;63;168;65;166
36,175;36,2;64;166;76;168
36,1875;36,2125;56;143;77;163
36,2;36,225;61;144;67;162
36,2125;36,2375;72;158;79;155
36,225;36,25;74;161;84;161
36,2375;36,2625;69;155;82;166
36,25;36,275;75;143;93;171
36,2625;36,2875;81;141;107;184
36,275;36,3;84;154;124;191
36,2875;36,3125;90;162;131;186
36,3;36,325;90;154;115;171
36,3125;36,3375;94;142;102;155
36,325;36,35;102;132;102;144
36,3375;36,3625;106;131;102;143
36,35;36,375;95;148;95;146
36,3625;36,3875;93;148;91;150
36,375;36,4;111;142;101;163
36,3875;36,4125;115;139;111;163
36,4;36,425;114;128;107;159
36,4125;36,4375;108;122;109;164
36,425;36,45;99;140;101;157
36,4375;36,4625;85;158;91;151
36,45;36,475;86;157;95;136
36,4625;36,4875;95;159;96;138
36,475;36,5;90;152;92;150
36,4875;36,5125;89;159;74;145
36,5;36,525;82;155;77;144
36,5125;36,5375;81;142;84;147
36,525;36,55;86;151;73;138
36,5375;36,5625;76;139;63;137
36,55;36,575;68;107;68;130
36,5625;36,5875;67;109;77;125
36,575;36,6;71;135;74;148
36,5875;36,6125;74;137;74;153
36,6;36,625;74;122;90;158
36,6125;36,6375;82;130;102;163
36,625;36,65;81;136;81;145
36,6375;36,6625;68;137;78;141
36,65;36,675;72;159;93;149
36,6625;36,6875;76;166;72;146
36,675;36,7;70;161;65;145
36,6875;36,7125;78;154;79;131
36,7;36,725;80;145;82;122
36,7125;36,7375;66;132;92;136
36,725;36,75;63;137;81;135
36,7375;36,7625;70;151;74;143
36,75;36,775;76;153;96;151
36,7625;36,7875;67;138;98;143
36,775;36,8;53;132;88;145
36,7875;36,8125;55;135;77;145
36,8;36,825;65;140;84;145
36,8125;36,8375;69;147;103;146
36,825;36,85;69;143;104;149
36,8375;36,8625;76;143;99;151
36,85;36,875;89;140;103;158
36,8625;36,8875;86;129;100;152
36,875;36,9;75;121;91;143
36,8875;36,9125;72;124;92;150
36,9;36,925;80;127;104;151
36,9125;36,9375;81;127;105;151
36,925;36,95;65;128;98;155
36,9375;36,9625;64;124;87;153
36,95;36,975;69;118;84;149
36,9625;36,9875;63;121;90;149
36,975;37;60;129;108;149
36,9875;37,0125;73;131;113;148
37;37,025;83;131;108;155
37,0125;37,0375;78;126;103;152
37,025;37,05;77;122;94;150
37,0375;37,0625;66;122;93;156
37,05;37,075;61;122;92;155
37,0625;37,0875;64;124;94;160
37,075;37,1;71;128;110;161
37,0875;37,1125;75;131;102;161
37,1;37,125;70;127;95;154
37,1125;37,1375;80;127;112;146
37,125;37,15;69;124;89;148
37,1375;37,1625;65;124;86;150
37,15;37,175;75;125;101;149
37,1625;37,1875;70;117;91;145
37,175;37,2;67;122;84;149
37,1875;37,2125;66;129;95;160
37,2;37,225;69;119;103;155
37,2125;37,2375;77;129;112;151
37,225;37,25;79;137;120;157
37,2375;37,2625;82;130;118;167
37,25;37,275;75;133;105;164
37,2625;37,2875;73;132;91;156
37,275;37,3;79;129;92;152
37,2875;37,3125;63;110;83;151
37,3;37,325;58;107;81;153
37,3125;37,3375;68;121;100;154
37,325;37,35;73;120;112;157
37,3375;37,3625;73;116;108;158
37,35;37,375;63;117;87;157
37,3625;37,3875;66;120;76;153
37,375;37,4;70;126;87;155
37,3875;37,4125;68;127;91;154
37,4;37,425;60;122;90;143
37,4125;37,4375;46;130;70;135
37,425;37,45;46;139;64;143
37,4375;37,4625;58;140;77;156
37,45;37,475;68;142;66;151
37,4625;37,4875;70;153;63;148
37,475;37,5;67;169;76;153
37,4875;37,5125;55;165;69;159
37,5;37,525;53;156;71;162
37,5125;37,5375;68;166;80;167
37,525;37,55;89;174;77;177
37,5375;37,5625;99;173;88;159
37,55;37,575;98;176;91;165
37,5625;37,5875;96;174;87;186
37,575;37,6;91;165;83;183
37,5875;37,6125;88;166;74;174
37,6;37,625;85;167;78;158
37,6125;37,6375;83;163;82;161
37,625;37,65;77;154;83;178
37,6375;37,6625;78;159;86;177
37,65;37,675;80;166;113;187
37,6625;37,6875;78;156;130;197
37,675;37,7;98;157;112;191
37,6875;37,7125;109;161;117;196
37,7;37,725;110;161;114;189
37,7125;37,7375;108;155;106;170
37,725;37,75;92;151;113;168
37,7375;37,7625;78;158;96;168
37,75;37,775;78;161;76;167
37,7625;37,7875;90;157;94;170
37,775;37,8;79;149;102;174
37,7875;37,8125;57;146;80;168
37,8;37,825;43;133;56;136
37,8125;37,8375;22;133;35;124
37,825;37,85;19;119;23;93
37,8375;37,8625;22;90;22;52
37,85;37,875;19;87;23;46
37,8625;37,8875;21;70;24;44
37,875;37,9;20;72;22;55
37,8875;37,9125;25;126;30;105
37,9;37,925;51;143;42;125
37,9125;37,9375;70;125;54;119
37,925;37,95;58;131;64;154
37,9375;37,9625;45;125;50;148
37,95;37,975;55;121;55;144
37,9625;37,9875;91;123;95;144
37,975;38;112;124;119;134
37,9875;38,0125;116;130;128;135
38;38,025;103;129;123;134
38,0125;38,0375;69;121;80;126
38,025;38,05;46;114;40;108
38,0375;38,0625;38;113;39;119
38,05;38,075;40;116;51;130
38,0625;38,0875;43;113;47;121
38,075;38,1;34;109;38;117
38,0875;38,1125;34;112;44;122
38,1;38,125;59;119;65;135
38,1125;38,1375;85;116;94;144
38,125;38,15;94;116;92;139
38,1375;38,1625;90;121;91;132
38,15;38,175;90;115;100;133
38,1625;38,1875;94;105;97;125
38,175;38,2;90;101;104;131
38,1875;38,2125;85;102;115;136
38,2;38,225;88;107;117;137
38,2125;38,2375;88;101;107;138
38,225;38,25;84;94;96;131
38,2375;38,2625;85;97;97;135
38,25;38,275;88;111;103;140
38,2625;38,2875;84;116;107;141
38,275;38,3;84;102;106;141
38,2875;38,3125;86;100;113;142
38,3;38,325;87;122;102;144
38,3125;38,3375;78;125;88;141
38,325;38,35;76;112;90;139
38,3375;38,3625;84;118;76;142
38,35;38,375;81;119;72;145
38,3625;38,3875;81;119;85;142
38,375;38,4;83;112;90;138
38,3875;38,4125;78;121;87;139
38,4;38,425;75;143;78;133
38,4125;38,4375;80;141;85;134
38,425;38,45;82;137;85;142
38,4375;38,4625;73;144;70;140
38,45;38,475;74;142;72;145
38,4625;38,4875;81;147;80;148
38,475;38,5;89;138;83;143
38,4875;38,5125;88;140;84;139
38,5;38,525;89;150;91;141
38,5125;38,5375;93;153;78;150
38,525;38,55;88;153;73;151
38,5375;38,5625;73;156;82;145
38,55;38,575;75;166;81;146
38,5625;38,5875;87;162;91;151
38,575;38,6;82;149;93;154
38,5875;38,6125;75;148;87;153
38,6;38,625;71;146;77;151
38,6125;38,6375;75;150;81;159
38,625;38,65;81;158;95;160
38,6375;38,6625;89;162;107;157
38,65;38,675;78;156;101;158
38,6625;38,6875;63;146;81;154
38,675;38,7;67;126;70;132
38,6875;38,7125;73;122;87;140
38,7;38,725;81;139;106;158
38,7125;38,7375;81;139;83;160
38,725;38,75;76;127;64;144
38,7375;38,7625;75;111;64;118
38,75;38,775;77;106;61;114
38,7625;38,7875;66;105;48;108
38,775;38,8;58;127;54;128
38,7875;38,8125;71;148;80;157
38,8;38,825;74;140;62;156
38,8125;38,8375;67;136;50;145
38,825;38,85;61;131;56;130
38,8375;38,8625;62;146;70;146
38,85;38,875;75;162;79;160
38,8625;38,8875;81;127;70;112
38,875;38,9;78;100;74;97
38,8875;38,9125;79;103;80;118
38,9;38,925;70;106;78;122
38,9125;38,9375;67;120;69;137
38,925;38,95;79;140;78;141
38,9375;38,9625;69;132;69;129
38,95;38,975;63;126;70;134
38,9625;38,9875;79;126;89;142
38,975;39;80;114;77;116
38,9875;39,0125;76;121;71;111
39;39,025;77;137;72;139
39,0125;39,0375;87;145;69;147
39,025;39,05;100;157;86;162
39,0375;39,0625;101;165;84;163
39,05;39,075;82;160;73;158
39,0625;39,0875;63;159;68;171
39,075;39,1;69;174;61;168
39,0875;39,1125;82;169;70;165
39,1;39,125;79;167;75;160
39,1125;39,1375;82;166;79;150
39,125;39,15;84;156;77;164
39,1375;39,1625;70;162;63;181
39,15;39,175;66;158;47;161
39,1625;39,1875;62;150;42;155
39,175;39,2;63;153;52;178
39,1875;39,2125;85;144;60;151
39,2;39,225;76;120;62;113
39,2125;39,2375;63;118;70;132
39,225;39,25;85;124;76;146
39,2375;39,2625;93;115;68;109
39,25;39,275;90;107;65;100
39,2625;39,2875;88;115;77;129
39,275;39,3;92;125;99;147
39,2875;39,3125;104;133;111;150
39,3;39,325;105;137;119;154
39,3125;39,3375;114;139;119;147
39,325;39,35;111;149;107;147
39,3375;39,3625;99;144;103;151
39,35;39,375;89;127;105;148
39,3625;39,3875;91;140;101;145
39,375;39,4;102;154;89;148
39,3875;39,4125;95;143;79;140
39,4;39,425;95;152;93;140
39,4125;39,4375;99;168;103;155
39,425;39,45;82;169;92;156
39,4375;39,4625;66;164;83;166
39,45;39,475;78;156;72;158
39,4625;39,4875;83;151;81;149
39,475;39,5;73;169;79;159
39,4875;39,5125;71;169;68;158
39,5;39,525;75;150;74;152
39,5125;39,5375;75;146;74;144
39,525;39,55;72;169;71;147
39,5375;39,5625;71;178;63;151
39,55;39,575;81;162;64;147
39,5625;39,5875;92;157;68;150
39,575;39,6;78;151;61;158
39,5875;39,6125;72;129;60;128
39,6;39,625;75;126;54;127
39,6125;39,6375;75;148;55;163
39,625;39,65;71;151;71;157
39,6375;39,6625;82;156;79;158
39,65;39,675;77;155;67;160
39,6625;39,6875;65;157;59;148
39,675;39,7;73;167;54;140
39,6875;39,7125;80;169;55;162
39,7;39,725;82;165;61;170
39,7125;39,7375;80;165;73;157
39,725;39,75;78;162;80;149
39,7375;39,7625;69;152;75;152
39,75;39,775;71;162;75;151
39,7625;39,7875;78;164;74;160
39,775;39,8;87;170;65;156
39,7875;39,8125;83;166;60;146
39,8;39,825;77;151;59;145
39,8125;39,8375;88;161;66;147
39,825;39,85;88;155;81;151
39,8375;39,8625;85;132;92;150
39,85;39,875;85;145;84;157
39,8625;39,8875;86;167;64;170
39,875;39,9;78;147;68;167
39,8875;39,9125;71;148;72;156
39,9;39,925;75;158;71;156
39,9125;39,9375;75;160;70;160
39,925;39,95;73;164;68;172
39,9375;39,9625;75;158;65;168
39,95;39,975;90;159;57;170
39,9625;39,9875;91;161;67;171
39,975;40;74;159;81;162
39,9875;40,0125;77;160;76;159
40;40,025;75;156;82;151
40,0125;40,0375;72;146;93;151
40,025;40,05;82;156;88;166
40,0375;40,0625;71;164;87;175
40,05;40,075;61;157;79;165
40,0625;40,0875;74;152;80;166
40,075;40,1;90;144;89;166
40,0875;40,1125;95;149;83;165
40,1;40,125;77;155;67;161
40,1125;40,1375;73;144;73;148
40,125;40,15;82;158;74;148
40,1375;40,1625;71;166;71;169
40,15;40,175;60;154;70;177
40,1625;40,1875;66;155;70;160
40,175;40,2;66;163;75;153
40,1875;40,2125;63;159;83;157
40,2;40,225;85;146;87;164
40,2125;40,2375;95;155;87;172
40,225;40,25;88;162;89;158
