Start;Stop;
0;0,004;1
0,004;0,008;1
0,008;0,012;1
0,012;0,016;1
0,016;0,02;1
0,02;0,024;1
0,024;0,028;1
0,028;0,032;1
0,032;0,036;1
0,036;0,04;1
0,04;0,044;1
0,044;0,048;1
0,048;0,052;1
0,052;0,056;1
0,056;0,06;1
0,06;0,064;1
0,064;0,068;1
0,068;0,072;1
0,072;0,076;1
0,076;0,08;1
0,08;0,084;1
0,084;0,088;1
0,088;0,092;1
0,092;0,096;1
0,096;0,1;1
0,1;0,104;1
0,104;0,108;1
0,108;0,112;1
0,112;0,116;1
0,116;0,12;1
0,12;0,124;1
0,124;0,128;1
0,128;0,132;1
0,132;0,136;1
0,136;0,14;1
0,14;0,144;1
0,144;0,148;1
0,148;0,152;1
0,152;0,156;1
0,156;0,16;1
0,16;0,164;1
0,164;0,168;1
0,168;0,172;1
0,172;0,176;1
0,176;0,18;1
0,18;0,184;1
0,184;0,188;1
0,188;0,192;1
0,192;0,196;1
0,196;0,2;1
0,2;0,204;1
0,204;0,208;1
0,208;0,212;1
0,212;0,216;1
0,216;0,22;1
0,22;0,224;1
0,224;0,228;1
0,228;0,232;1
0,232;0,236;1
0,236;0,24;1
0,24;0,244;1
0,244;0,248;1
0,248;0,252;1
0,252;0,256;1
0,256;0,26;1
0,26;0,264;1
0,264;0,268;1
0,268;0,272;1
0,272;0,276;1
0,276;0,28;1
0,28;0,284;1
0,284;0,288;1
0,288;0,292;1
0,292;0,296;1
0,296;0,3;1
0,3;0,304;1
0,304;0,308;1
0,308;0,312;1
0,312;0,316;1
0,316;0,32;1
0,32;0,324;1
0,324;0,328;1
0,328;0,332;1
0,332;0,336;1
0,336;0,34;1
0,34;0,344;1
0,344;0,348;1
0,348;0,352;1
0,352;0,356;1
0,356;0,36;1
0,36;0,364;1
0,364;0,368;1
0,368;0,372;1
0,372;0,376;1
0,376;0,38;1
0,38;0,384;1
0,384;0,388;1
0,388;0,392;1
0,392;0,396;1
0,396;0,4;1
0,4;0,404;1
0,404;0,408;1
0,408;0,412;1
0,412;0,416;1
0,416;0,42;1
0,42;0,424;1
0,424;0,428;1
0,428;0,432;1
0,432;0,436;1
0,436;0,44;1
0,44;0,444;1
0,444;0,448;1
0,448;0,452;1
0,452;0,456;1
0,456;0,46;1
0,46;0,464;1
0,464;0,468;1
0,468;0,472;1
0,472;0,476;1
0,476;0,48;1
0,48;0,484;1
0,484;0,488;1
0,488;0,492;1
0,492;0,496;1
0,496;0,5;1
0,5;0,504;1
0,504;0,508;1
0,508;0,512;1
0,512;0,516;1
0,516;0,52;1
0,52;0,524;1
0,524;0,528;1
0,528;0,532;1
0,532;0,536;1
0,536;0,54;1
0,54;0,544;1
0,544;0,548;1
0,548;0,552;1
0,552;0,556;1
0,556;0,56;1
0,56;0,564;1
0,564;0,568;1
0,568;0,572;1
0,572;0,576;1
0,576;0,58;1
0,58;0,584;1
0,584;0,588;1
0,588;0,592;1
0,592;0,596;1
0,596;0,6;1
0,6;0,604;1
0,604;0,608;1
0,608;0,612;1
0,612;0,616;1
0,616;0,62;1
0,62;0,624;1
0,624;0,628;1
0,628;0,632;1
0,632;0,636;1
0,636;0,64;1
0,64;0,644;1
0,644;0,648;1
0,648;0,652;1
0,652;0,656;1
0,656;0,66;1
0,66;0,664;1
0,664;0,668;1
0,668;0,672;1
0,672;0,676;1
0,676;0,68;1
0,68;0,684;1
0,684;0,688;1
0,688;0,692;1
0,692;0,696;1
0,696;0,7;1
0,7;0,704;1
0,704;0,708;1
0,708;0,712;1
0,712;0,716;1
0,716;0,72;1
0,72;0,724;1
0,724;0,728;1
0,728;0,732;1
0,732;0,736;1
0,736;0,74;1
0,74;0,744;1
0,744;0,748;1
0,748;0,752;1
0,752;0,756;1
0,756;0,76;1
0,76;0,764;1
0,764;0,768;1
0,768;0,772;1
0,772;0,776;1
0,776;0,78;1
0,78;0,784;1
0,784;0,788;1
0,788;0,792;1
0,792;0,796;1
0,796;0,8;1
0,8;0,804;1
0,804;0,808;1
0,808;0,812;1
0,812;0,816;1
0,816;0,82;1
0,82;0,824;1
0,824;0,828;1
0,828;0,832;1
0,832;0,836;1
0,836;0,84;1
0,84;0,844;1
0,844;0,848;1
0,848;0,852;1
0,852;0,856;1
0,856;0,86;1
0,86;0,864;1
0,864;0,868;1
0,868;0,872;1
0,872;0,876;1
0,876;0,88;1
0,88;0,884;1
0,884;0,888;1
0,888;0,892;1
0,892;0,896;1
0,896;0,9;1
0,9;0,904;1
0,904;0,908;1
0,908;0,912;1
0,912;0,916;1
0,916;0,92;1
0,92;0,924;1
0,924;0,928;1
0,928;0,932;1
0,932;0,936;1
0,936;0,94;1
0,94;0,944;1
0,944;0,948;1
0,948;0,952;1
0,952;0,956;1
0,956;0,96;1
0,96;0,964;1
0,964;0,968;1
0,968;0,972;1
0,972;0,976;1
0,976;0,98;1
0,98;0,984;1
0,984;0,988;1
0,988;0,992;1
0,992;0,996;1
0,996;1;1
1;1,004;1
1,004;1,008;1
1,008;1,012;1
1,012;1,016;1
1,016;1,02;1
1,02;1,024;1
1,024;1,028;1
1,028;1,032;1
1,032;1,036;1
1,036;1,04;1
1,04;1,044;1
1,044;1,048;1
1,048;1,052;1
1,052;1,056;1
1,056;1,06;1
1,06;1,064;1
1,064;1,068;1
1,068;1,072;1
1,072;1,076;1
1,076;1,08;1
1,08;1,084;1
1,084;1,088;1
1,088;1,092;1
1,092;1,096;1
1,096;1,1;1
1,1;1,104;1
1,104;1,108;1
1,108;1,112;1
1,112;1,116;1
1,116;1,12;1
1,12;1,124;1
1,124;1,128;1
1,128;1,132;1
1,132;1,136;1
1,136;1,14;1
1,14;1,144;1
1,144;1,148;1
1,148;1,152;1
1,152;1,156;1
1,156;1,16;1
1,16;1,164;1
1,164;1,168;1
1,168;1,172;1
1,172;1,176;1
1,176;1,18;1
1,18;1,184;1
1,184;1,188;1
1,188;1,192;1
1,192;1,196;1
1,196;1,2;1
1,2;1,204;1
1,204;1,208;1
1,208;1,212;1
1,212;1,216;1
1,216;1,22;1
1,22;1,224;1
1,224;1,228;1
1,228;1,232;1
1,232;1,236;1
1,236;1,24;1
1,24;1,244;1
1,244;1,248;1
1,248;1,252;1
1,252;1,256;1
1,256;1,26;1
1,26;1,264;1
1,264;1,268;1
1,268;1,272;1
1,272;1,276;1
1,276;1,28;1
1,28;1,284;1
1,284;1,288;1
1,288;1,292;1
1,292;1,296;1
1,296;1,3;1
1,3;1,304;1
1,304;1,308;1
1,308;1,312;1
1,312;1,316;1
1,316;1,32;1
1,32;1,324;1
1,324;1,328;1
1,328;1,332;1
1,332;1,336;1
1,336;1,34;1
1,34;1,344;1
1,344;1,348;1
1,348;1,352;1
1,352;1,356;1
1,356;1,36;1
1,36;1,364;1
1,364;1,368;1
1,368;1,372;1
1,372;1,376;1
1,376;1,38;1
1,38;1,384;1
1,384;1,388;1
1,388;1,392;1
1,392;1,396;1
1,396;1,4;1
1,4;1,404;1
1,404;1,408;1
1,408;1,412;1
1,412;1,416;1
1,416;1,42;1
1,42;1,424;1
1,424;1,428;1
1,428;1,432;1
1,432;1,436;1
1,436;1,44;1
1,44;1,444;1
1,444;1,448;1
1,448;1,452;1
1,452;1,456;1
1,456;1,46;1
1,46;1,464;1
1,464;1,468;1
1,468;1,472;1
1,472;1,476;1
1,476;1,48;1
1,48;1,484;1
1,484;1,488;1
1,488;1,492;1
1,492;1,496;1
1,496;1,5;1
1,5;1,504;1
1,504;1,508;1
1,508;1,512;1
1,512;1,516;1
1,516;1,52;1
1,52;1,524;1
1,524;1,528;1
1,528;1,532;1
1,532;1,536;1
1,536;1,54;1
1,54;1,544;1
1,544;1,548;1
1,548;1,552;1
1,552;1,556;1
1,556;1,56;1
1,56;1,564;1
1,564;1,568;1
1,568;1,572;1
1,572;1,576;1
1,576;1,58;1
1,58;1,584;1
1,584;1,588;1
1,588;1,592;1
1,592;1,596;1
1,596;1,6;1
1,6;1,604;1
1,604;1,608;1
1,608;1,612;1
1,612;1,616;1
1,616;1,62;1
1,62;1,624;1
1,624;1,628;1
1,628;1,632;1
1,632;1,636;1
1,636;1,64;1
1,64;1,644;1
1,644;1,648;1
1,648;1,652;1
1,652;1,656;1
1,656;1,66;1
1,66;1,664;1
1,664;1,668;1
1,668;1,672;1
1,672;1,676;1
1,676;1,68;1
1,68;1,684;1
1,684;1,688;1
1,688;1,692;1
1,692;1,696;1
1,696;1,7;1
1,7;1,704;1
1,704;1,708;1
1,708;1,712;1
1,712;1,716;1
1,716;1,72;1
1,72;1,724;1
1,724;1,728;1
1,728;1,732;1
1,732;1,736;1
1,736;1,74;1
1,74;1,744;1
1,744;1,748;1
1,748;1,752;1
1,752;1,756;1
1,756;1,76;1
1,76;1,764;1
1,764;1,768;1
1,768;1,772;1
1,772;1,776;1
1,776;1,78;1
1,78;1,784;1
1,784;1,788;1
1,788;1,792;1
1,792;1,796;1
1,796;1,8;1
1,8;1,804;1
1,804;1,808;1
1,808;1,812;1
1,812;1,816;1
1,816;1,82;1
1,82;1,824;1
1,824;1,828;1
1,828;1,832;1
1,832;1,836;1
1,836;1,84;1
1,84;1,844;1
1,844;1,848;1
1,848;1,852;1
1,852;1,856;1
1,856;1,86;1
1,86;1,864;1
1,864;1,868;1
1,868;1,872;1
1,872;1,876;1
1,876;1,88;1
1,88;1,884;1
1,884;1,888;1
1,888;1,892;1
1,892;1,896;1
1,896;1,9;1
1,9;1,904;1
1,904;1,908;1
1,908;1,912;1
1,912;1,916;1
1,916;1,92;1
1,92;1,924;1
1,924;1,928;1
1,928;1,932;1
1,932;1,936;1
1,936;1,94;1
1,94;1,944;1
1,944;1,948;1
1,948;1,952;1
1,952;1,956;1
1,956;1,96;1
1,96;1,964;1
1,964;1,968;1
1,968;1,972;1
1,972;1,976;1
1,976;1,98;1
1,98;1,984;1
1,984;1,988;1
1,988;1,992;1
1,992;1,996;1
1,996;2;1
2;2,004;1
2,004;2,008;1
2,008;2,012;1
2,012;2,016;1
2,016;2,02;1
2,02;2,024;1
2,024;2,028;1
2,028;2,032;1
2,032;2,036;1
2,036;2,04;1
2,04;2,044;1
2,044;2,048;1
2,048;2,052;1
2,052;2,056;1
2,056;2,06;1
2,06;2,064;1
2,064;2,068;1
2,068;2,072;1
2,072;2,076;1
2,076;2,08;1
2,08;2,084;1
2,084;2,088;1
2,088;2,092;1
2,092;2,096;1
2,096;2,1;1
2,1;2,104;1
2,104;2,108;1
2,108;2,112;1
2,112;2,116;1
2,116;2,12;1
2,12;2,124;1
2,124;2,128;1
2,128;2,132;1
2,132;2,136;1
2,136;2,14;1
2,14;2,144;1
2,144;2,148;1
2,148;2,152;1
2,152;2,156;1
2,156;2,16;1
2,16;2,164;1
2,164;2,168;1
2,168;2,172;1
2,172;2,176;1
2,176;2,18;1
2,18;2,184;1
2,184;2,188;1
2,188;2,192;1
2,192;2,196;1
2,196;2,2;1
2,2;2,204;1
2,204;2,208;1
2,208;2,212;1
2,212;2,216;1
2,216;2,22;1
2,22;2,224;1
2,224;2,228;1
2,228;2,232;1
2,232;2,236;1
2,236;2,24;1
2,24;2,244;1
2,244;2,248;1
2,248;2,252;1
2,252;2,256;1
2,256;2,26;1
2,26;2,264;1
2,264;2,268;1
2,268;2,272;1
2,272;2,276;1
2,276;2,28;1
2,28;2,284;1
2,284;2,288;1
2,288;2,292;1
2,292;2,296;1
2,296;2,3;1
2,3;2,304;1
2,304;2,308;1
2,308;2,312;1
2,312;2,316;1
2,316;2,32;1
2,32;2,324;1
2,324;2,328;1
2,328;2,332;1
2,332;2,336;1
2,336;2,34;1
2,34;2,344;1
2,344;2,348;1
2,348;2,352;1
2,352;2,356;1
2,356;2,36;1
2,36;2,364;1
2,364;2,368;1
2,368;2,372;1
2,372;2,376;1
2,376;2,38;1
2,38;2,384;1
2,384;2,388;1
2,388;2,392;1
2,392;2,396;1
2,396;2,4;1
2,4;2,404;1
2,404;2,408;1
2,408;2,412;1
2,412;2,416;1
2,416;2,42;1
2,42;2,424;1
2,424;2,428;1
2,428;2,432;1
2,432;2,436;1
2,436;2,44;1
2,44;2,444;1
2,444;2,448;1
2,448;2,452;1
2,452;2,456;1
2,456;2,46;1
2,46;2,464;1
2,464;2,468;1
2,468;2,472;1
2,472;2,476;1
2,476;2,48;1
2,48;2,484;1
2,484;2,488;1
2,488;2,492;1
2,492;2,496;1
2,496;2,5;1
2,5;2,504;1
2,504;2,508;1
2,508;2,512;1
2,512;2,516;1
2,516;2,52;1
2,52;2,524;1
2,524;2,528;1
2,528;2,532;1
2,532;2,536;1
2,536;2,54;1
2,54;2,544;1
2,544;2,548;1
2,548;2,552;1
2,552;2,556;1
2,556;2,56;1
2,56;2,564;1
2,564;2,568;1
2,568;2,572;1
2,572;2,576;1
2,576;2,58;1
2,58;2,584;1
2,584;2,588;1
2,588;2,592;1
2,592;2,596;1
2,596;2,6;1
2,6;2,604;1
2,604;2,608;1
2,608;2,612;1
2,612;2,616;1
2,616;2,62;1
2,62;2,624;1
2,624;2,628;1
2,628;2,632;1
2,632;2,636;1
2,636;2,64;1
2,64;2,644;1
2,644;2,648;1
2,648;2,652;1
2,652;2,656;1
2,656;2,66;1
2,66;2,664;1
2,664;2,668;1
2,668;2,672;1
2,672;2,676;1
2,676;2,68;1
2,68;2,684;1
2,684;2,688;1
2,688;2,692;1
2,692;2,696;1
2,696;2,7;1
2,7;2,704;1
2,704;2,708;1
2,708;2,712;1
2,712;2,716;1
2,716;2,72;1
2,72;2,724;1
2,724;2,728;1
2,728;2,732;1
2,732;2,736;1
2,736;2,74;1
2,74;2,744;1
2,744;2,748;1
2,748;2,752;1
2,752;2,756;1
2,756;2,76;1
2,76;2,764;1
2,764;2,768;1
2,768;2,772;1
2,772;2,776;1
2,776;2,78;1
2,78;2,784;1
2,784;2,788;1
2,788;2,792;1
2,792;2,796;1
2,796;2,8;1
2,8;2,804;1
2,804;2,808;1
2,808;2,812;1
2,812;2,816;1
2,816;2,82;1
2,82;2,824;1
2,824;2,828;1
2,828;2,832;1
2,832;2,836;1
2,836;2,84;1
2,84;2,844;1
2,844;2,848;1
2,848;2,852;1
2,852;2,856;1
2,856;2,86;1
2,86;2,864;1
2,864;2,868;1
2,868;2,872;1
2,872;2,876;1
2,876;2,88;1
2,88;2,884;1
2,884;2,888;1
2,888;2,892;1
2,892;2,896;1
2,896;2,9;1
2,9;2,904;1
2,904;2,908;1
2,908;2,912;1
2,912;2,916;1
2,916;2,92;1
2,92;2,924;1
2,924;2,928;1
2,928;2,932;1
2,932;2,936;1
2,936;2,94;1
2,94;2,944;1
2,944;2,948;1
2,948;2,952;1
2,952;2,956;1
2,956;2,96;1
2,96;2,964;1
2,964;2,968;1
2,968;2,972;1
2,972;2,976;1
2,976;2,98;1
2,98;2,984;1
2,984;2,988;1
2,988;2,992;1
2,992;2,996;1
2,996;3;1
3;3,004;1
3,004;3,008;1
3,008;3,012;1
3,012;3,016;1
3,016;3,02;1
3,02;3,024;1
3,024;3,028;1
3,028;3,032;1
3,032;3,036;1
3,036;3,04;1
3,04;3,044;1
3,044;3,048;1
3,048;3,052;1
3,052;3,056;1
3,056;3,06;1
3,06;3,064;1
3,064;3,068;1
3,068;3,072;1
3,072;3,076;1
3,076;3,08;1
3,08;3,084;1
3,084;3,088;1
3,088;3,092;1
3,092;3,096;1
3,096;3,1;1
3,1;3,104;1
3,104;3,108;1
3,108;3,112;1
3,112;3,116;1
3,116;3,12;1
3,12;3,124;1
3,124;3,128;1
3,128;3,132;1
3,132;3,136;1
3,136;3,14;1
3,14;3,144;1
3,144;3,148;1
3,148;3,152;1
3,152;3,156;1
3,156;3,16;1
3,16;3,164;1
3,164;3,168;1
3,168;3,172;1
3,172;3,176;1
3,176;3,18;1
3,18;3,184;1
3,184;3,188;1
3,188;3,192;1
3,192;3,196;1
3,196;3,2;1
3,2;3,204;1
3,204;3,208;1
3,208;3,212;1
3,212;3,216;1
3,216;3,22;1
3,22;3,224;1
3,224;3,228;1
3,228;3,232;1
3,232;3,236;1
3,236;3,24;1
3,24;3,244;1
3,244;3,248;1
3,248;3,252;1
3,252;3,256;1
3,256;3,26;1
3,26;3,264;1
3,264;3,268;1
3,268;3,272;1
3,272;3,276;1
3,276;3,28;1
3,28;3,284;1
3,284;3,288;1
3,288;3,292;1
3,292;3,296;1
3,296;3,3;1
3,3;3,304;1
3,304;3,308;1
3,308;3,312;1
3,312;3,316;1
3,316;3,32;1
3,32;3,324;1
3,324;3,328;1
3,328;3,332;1
3,332;3,336;1
3,336;3,34;1
3,34;3,344;1
3,344;3,348;1
3,348;3,352;1
3,352;3,356;1
3,356;3,36;1
3,36;3,364;1
3,364;3,368;1
3,368;3,372;1
3,372;3,376;1
3,376;3,38;1
3,38;3,384;1
3,384;3,388;1
3,388;3,392;1
3,392;3,396;1
3,396;3,4;1
3,4;3,404;1
3,404;3,408;1
3,408;3,412;1
3,412;3,416;1
3,416;3,42;1
3,42;3,424;1
3,424;3,428;1
3,428;3,432;1
3,432;3,436;1
3,436;3,44;1
3,44;3,444;1
3,444;3,448;1
3,448;3,452;1
3,452;3,456;1
3,456;3,46;1
3,46;3,464;1
3,464;3,468;1
3,468;3,472;1
3,472;3,476;1
3,476;3,48;1
3,48;3,484;1
3,484;3,488;1
3,488;3,492;1
3,492;3,496;1
3,496;3,5;1
3,5;3,504;1
3,504;3,508;1
3,508;3,512;1
3,512;3,516;1
3,516;3,52;1
3,52;3,524;1
3,524;3,528;1
3,528;3,532;1
3,532;3,536;1
3,536;3,54;1
3,54;3,544;1
3,544;3,548;1
3,548;3,552;1
3,552;3,556;1
3,556;3,56;1
3,56;3,564;1
3,564;3,568;1
3,568;3,572;1
3,572;3,576;1
3,576;3,58;1
3,58;3,584;1
3,584;3,588;1
3,588;3,592;1
3,592;3,596;1
3,596;3,6;1
3,6;3,604;1
3,604;3,608;1
3,608;3,612;1
3,612;3,616;1
3,616;3,62;1
3,62;3,624;1
3,624;3,628;1
3,628;3,632;1
3,632;3,636;1
3,636;3,64;1
3,64;3,644;1
3,644;3,648;1
3,648;3,652;1
3,652;3,656;1
3,656;3,66;1
3,66;3,664;1
3,664;3,668;1
3,668;3,672;1
3,672;3,676;1
3,676;3,68;1
3,68;3,684;1
3,684;3,688;1
3,688;3,692;1
3,692;3,696;1
3,696;3,7;1
3,7;3,704;1
3,704;3,708;1
3,708;3,712;1
3,712;3,716;1
3,716;3,72;1
3,72;3,724;1
3,724;3,728;1
3,728;3,732;1
3,732;3,736;1
3,736;3,74;1
3,74;3,744;1
3,744;3,748;1
3,748;3,752;1
3,752;3,756;1
3,756;3,76;1
3,76;3,764;1
3,764;3,768;1
3,768;3,772;1
3,772;3,776;1
3,776;3,78;1
3,78;3,784;1
3,784;3,788;1
3,788;3,792;1
3,792;3,796;1
3,796;3,8;1
3,8;3,804;1
3,804;3,808;1
3,808;3,812;1
3,812;3,816;1
3,816;3,82;1
3,82;3,824;1
3,824;3,828;1
3,828;3,832;1
3,832;3,836;1
3,836;3,84;1
3,84;3,844;1
3,844;3,848;1
3,848;3,852;1
3,852;3,856;1
3,856;3,86;1
3,86;3,864;1
3,864;3,868;1
3,868;3,872;1
3,872;3,876;1
3,876;3,88;1
3,88;3,884;1
3,884;3,888;1
3,888;3,892;1
3,892;3,896;1
3,896;3,9;1
3,9;3,904;1
3,904;3,908;1
3,908;3,912;1
3,912;3,916;1
3,916;3,92;1
3,92;3,924;1
3,924;3,928;1
3,928;3,932;1
3,932;3,936;1
3,936;3,94;1
3,94;3,944;1
3,944;3,948;1
3,948;3,952;1
3,952;3,956;1
3,956;3,96;1
3,96;3,964;1
3,964;3,968;1
3,968;3,972;1
3,972;3,976;1
3,976;3,98;1
3,98;3,984;1
3,984;3,988;1
3,988;3,992;1
3,992;3,996;1
3,996;4;1
4;4,004;1
4,004;4,008;1
4,008;4,012;1
4,012;4,016;1
4,016;4,02;1
4,02;4,024;1
4,024;4,028;1
4,028;4,032;1
4,032;4,036;1
4,036;4,04;1
4,04;4,044;1
4,044;4,048;1
4,048;4,052;1
4,052;4,056;1
4,056;4,06;1
4,06;4,064;1
4,064;4,068;1
4,068;4,072;1
4,072;4,076;1
4,076;4,08;1
4,08;4,084;1
4,084;4,088;1
4,088;4,092;1
4,092;4,096;1
4,096;4,1;1
4,1;4,104;1
4,104;4,108;1
4,108;4,112;1
4,112;4,116;1
4,116;4,12;1
4,12;4,124;1
4,124;4,128;1
4,128;4,132;1
4,132;4,136;1
4,136;4,14;1
4,14;4,144;1
4,144;4,148;1
4,148;4,152;1
4,152;4,156;1
4,156;4,16;1
4,16;4,164;1
4,164;4,168;1
4,168;4,172;1
4,172;4,176;1
4,176;4,18;1
4,18;4,184;1
4,184;4,188;1
4,188;4,192;1
4,192;4,196;1
4,196;4,2;1
4,2;4,204;1
4,204;4,208;1
4,208;4,212;1
4,212;4,216;1
4,216;4,22;1
4,22;4,224;1
4,224;4,228;1
4,228;4,232;1
4,232;4,236;1
4,236;4,24;1
4,24;4,244;1
4,244;4,248;1
4,248;4,252;1
4,252;4,256;1
4,256;4,26;1
4,26;4,264;1
4,264;4,268;1
4,268;4,272;1
4,272;4,276;1
4,276;4,28;1
4,28;4,284;1
4,284;4,288;1
4,288;4,292;1
4,292;4,296;1
4,296;4,3;1
4,3;4,304;1
4,304;4,308;1
4,308;4,312;1
4,312;4,316;1
4,316;4,32;1
4,32;4,324;1
4,324;4,328;1
4,328;4,332;1
4,332;4,336;1
4,336;4,34;1
4,34;4,344;1
4,344;4,348;1
4,348;4,352;1
4,352;4,356;1
4,356;4,36;1
4,36;4,364;1
4,364;4,368;1
4,368;4,372;1
4,372;4,376;1
4,376;4,38;1
4,38;4,384;1
4,384;4,388;1
4,388;4,392;1
4,392;4,396;1
4,396;4,4;1
4,4;4,404;1
4,404;4,408;1
4,408;4,412;1
4,412;4,416;1
4,416;4,42;1
4,42;4,424;1
4,424;4,428;1
4,428;4,432;1
4,432;4,436;1
4,436;4,44;1
4,44;4,444;1
4,444;4,448;1
4,448;4,452;1
4,452;4,456;1
4,456;4,46;1
4,46;4,464;1
4,464;4,468;1
4,468;4,472;1
4,472;4,476;1
4,476;4,48;1
4,48;4,484;1
4,484;4,488;1
4,488;4,492;1
4,492;4,496;1
4,496;4,5;1
4,5;4,504;1
4,504;4,508;1
4,508;4,512;1
4,512;4,516;1
4,516;4,52;1
4,52;4,524;1
4,524;4,528;1
4,528;4,532;1
4,532;4,536;1
4,536;4,54;1
4,54;4,544;1
4,544;4,548;1
4,548;4,552;1
4,552;4,556;1
4,556;4,56;1
4,56;4,564;1
4,564;4,568;1
4,568;4,572;1
4,572;4,576;1
4,576;4,58;1
4,58;4,584;1
4,584;4,588;1
4,588;4,592;1
4,592;4,596;1
4,596;4,6;1
4,6;4,604;1
4,604;4,608;1
4,608;4,612;1
4,612;4,616;1
4,616;4,62;1
4,62;4,624;1
4,624;4,628;1
4,628;4,632;1
4,632;4,636;1
4,636;4,64;1
4,64;4,644;1
4,644;4,648;1
4,648;4,652;1
4,652;4,656;1
4,656;4,66;1
4,66;4,664;1
4,664;4,668;1
4,668;4,672;1
4,672;4,676;1
4,676;4,68;1
4,68;4,684;1
4,684;4,688;1
4,688;4,692;1
4,692;4,696;1
4,696;4,7;1
4,7;4,704;1
4,704;4,708;1
4,708;4,712;1
4,712;4,716;1
4,716;4,72;1
4,72;4,724;1
4,724;4,728;1
4,728;4,732;1
4,732;4,736;1
4,736;4,74;1
4,74;4,744;1
4,744;4,748;1
4,748;4,752;1
4,752;4,756;1
4,756;4,76;1
4,76;4,764;1
4,764;4,768;1
4,768;4,772;1
4,772;4,776;1
4,776;4,78;1
4,78;4,784;1
4,784;4,788;1
4,788;4,792;1
4,792;4,796;1
4,796;4,8;1
4,8;4,804;1
4,804;4,808;1
4,808;4,812;1
4,812;4,816;1
4,816;4,82;1
4,82;4,824;1
4,824;4,828;1
4,828;4,832;1
4,832;4,836;1
4,836;4,84;1
4,84;4,844;1
4,844;4,848;1
4,848;4,852;1
4,852;4,856;1
4,856;4,86;1
4,86;4,864;1
4,864;4,868;1
4,868;4,872;1
4,872;4,876;1
4,876;4,88;1
4,88;4,884;1
4,884;4,888;1
4,888;4,892;1
4,892;4,896;1
4,896;4,9;1
4,9;4,904;1
4,904;4,908;1
4,908;4,912;1
4,912;4,916;1
4,916;4,92;1
4,92;4,924;1
4,924;4,928;1
4,928;4,932;1
4,932;4,936;1
4,936;4,94;1
4,94;4,944;1
4,944;4,948;1
4,948;4,952;1
4,952;4,956;1
4,956;4,96;1
4,96;4,964;1
4,964;4,968;1
4,968;4,972;1
4,972;4,976;1
4,976;4,98;1
4,98;4,984;1
4,984;4,988;1
4,988;4,992;1
4,992;4,996;1
4,996;5;1
5;5,004;1
5,004;5,008;1
5,008;5,012;1
5,012;5,016;1
5,016;5,02;1
5,02;5,024;1
5,024;5,028;1
5,028;5,032;1
5,032;5,036;1
5,036;5,04;1
5,04;5,044;1
5,044;5,048;1
5,048;5,052;1
5,052;5,056;1
5,056;5,06;1
5,06;5,064;1
5,064;5,068;1
5,068;5,072;1
5,072;5,076;1
5,076;5,08;1
5,08;5,084;1
5,084;5,088;1
5,088;5,092;1
5,092;5,096;1
5,096;5,1;1
5,1;5,104;1
5,104;5,108;1
5,108;5,112;1
5,112;5,116;1
5,116;5,12;1
5,12;5,124;1
5,124;5,128;1
5,128;5,132;1
5,132;5,136;1
5,136;5,14;1
5,14;5,144;1
5,144;5,148;1
5,148;5,152;1
5,152;5,156;1
5,156;5,16;1
5,16;5,164;1
5,164;5,168;1
5,168;5,172;1
5,172;5,176;1
5,176;5,18;1
5,18;5,184;1
5,184;5,188;1
5,188;5,192;1
5,192;5,196;1
5,196;5,2;1
5,2;5,204;1
5,204;5,208;1
5,208;5,212;1
5,212;5,216;1
5,216;5,22;1
5,22;5,224;1
5,224;5,228;1
5,228;5,232;1
5,232;5,236;1
5,236;5,24;1
5,24;5,244;1
5,244;5,248;1
5,248;5,252;1
5,252;5,256;1
5,256;5,26;1
5,26;5,264;1
5,264;5,268;1
5,268;5,272;1
5,272;5,276;1
5,276;5,28;1
5,28;5,284;1
5,284;5,288;1
5,288;5,292;1
5,292;5,296;1
5,296;5,3;1
5,3;5,304;1
5,304;5,308;1
5,308;5,312;1
5,312;5,316;1
5,316;5,32;1
5,32;5,324;1
5,324;5,328;1
5,328;5,332;1
5,332;5,336;1
5,336;5,34;1
5,34;5,344;1
5,344;5,348;1
5,348;5,352;1
5,352;5,356;1
5,356;5,36;1
5,36;5,364;1
5,364;5,368;1
5,368;5,372;1
5,372;5,376;1
5,376;5,38;1
5,38;5,384;1
5,384;5,388;1
5,388;5,392;1
5,392;5,396;1
5,396;5,4;1
5,4;5,404;1
5,404;5,408;1
5,408;5,412;1
5,412;5,416;1
5,416;5,42;1
5,42;5,424;1
5,424;5,428;1
5,428;5,432;1
5,432;5,436;1
5,436;5,44;1
5,44;5,444;1
5,444;5,448;1
5,448;5,452;1
5,452;5,456;1
5,456;5,46;1
5,46;5,464;1
5,464;5,468;1
5,468;5,472;1
5,472;5,476;1
5,476;5,48;1
5,48;5,484;1
5,484;5,488;1
5,488;5,492;1
5,492;5,496;1
5,496;5,5;1
5,5;5,504;1
5,504;5,508;1
5,508;5,512;1
5,512;5,516;1
5,516;5,52;1
5,52;5,524;1
5,524;5,528;1
5,528;5,532;1
5,532;5,536;1
5,536;5,54;1
5,54;5,544;1
5,544;5,548;1
5,548;5,552;1
5,552;5,556;1
5,556;5,56;1
5,56;5,564;1
5,564;5,568;1
5,568;5,572;1
5,572;5,576;1
5,576;5,58;1
5,58;5,584;1
5,584;5,588;1
5,588;5,592;1
5,592;5,596;1
5,596;5,6;1
5,6;5,604;1
5,604;5,608;1
5,608;5,612;1
5,612;5,616;1
5,616;5,62;1
5,62;5,624;1
5,624;5,628;1
5,628;5,632;1
5,632;5,636;1
5,636;5,64;1
5,64;5,644;1
5,644;5,648;1
5,648;5,652;1
5,652;5,656;1
5,656;5,66;1
5,66;5,664;1
5,664;5,668;1
5,668;5,672;1
5,672;5,676;1
5,676;5,68;1
5,68;5,684;1
5,684;5,688;1
5,688;5,692;1
5,692;5,696;1
5,696;5,7;1
5,7;5,704;1
5,704;5,708;1
5,708;5,712;1
5,712;5,716;1
5,716;5,72;1
5,72;5,724;1
5,724;5,728;1
5,728;5,732;1
5,732;5,736;1
5,736;5,74;1
5,74;5,744;1
5,744;5,748;1
5,748;5,752;1
5,752;5,756;1
5,756;5,76;1
5,76;5,764;1
5,764;5,768;1
5,768;5,772;1
5,772;5,776;1
5,776;5,78;1
5,78;5,784;1
5,784;5,788;1
5,788;5,792;1
5,792;5,796;1
5,796;5,8;1
5,8;5,804;1
5,804;5,808;1
5,808;5,812;1
5,812;5,816;1
5,816;5,82;1
5,82;5,824;1
5,824;5,828;1
5,828;5,832;1
5,832;5,836;1
5,836;5,84;1
5,84;5,844;1
5,844;5,848;1
5,848;5,852;1
5,852;5,856;1
5,856;5,86;1
5,86;5,864;1
5,864;5,868;1
5,868;5,872;1
5,872;5,876;1
5,876;5,88;1
5,88;5,884;1
5,884;5,888;1
5,888;5,892;1
5,892;5,896;1
5,896;5,9;1
5,9;5,904;1
5,904;5,908;1
5,908;5,912;1
5,912;5,916;1
5,916;5,92;1
5,92;5,924;1
5,924;5,928;1
5,928;5,932;1
5,932;5,936;1
5,936;5,94;1
5,94;5,944;1
5,944;5,948;1
5,948;5,952;1
5,952;5,956;1
5,956;5,96;1
5,96;5,964;1
5,964;5,968;1
5,968;5,972;1
5,972;5,976;1
5,976;5,98;1
5,98;5,984;1
5,984;5,988;1
5,988;5,992;1
5,992;5,996;1
5,996;6;1
6;6,004;1
6,004;6,008;1
6,008;6,012;1
6,012;6,016;1
6,016;6,02;1
6,02;6,024;1
6,024;6,028;1
6,028;6,032;1
6,032;6,036;1
6,036;6,04;1
6,04;6,044;1
6,044;6,048;1
6,048;6,052;1
6,052;6,056;1
6,056;6,06;1
6,06;6,064;1
6,064;6,068;1
6,068;6,072;1
6,072;6,076;1
6,076;6,08;1
6,08;6,084;1
6,084;6,088;1
6,088;6,092;1
6,092;6,096;1
6,096;6,1;1
6,1;6,104;1
6,104;6,108;1
6,108;6,112;1
6,112;6,116;1
6,116;6,12;1
6,12;6,124;1
6,124;6,128;1
6,128;6,132;1
6,132;6,136;1
6,136;6,14;1
6,14;6,144;1
6,144;6,148;1
6,148;6,152;1
6,152;6,156;1
6,156;6,16;1
6,16;6,164;1
6,164;6,168;1
6,168;6,172;1
6,172;6,176;1
6,176;6,18;1
6,18;6,184;1
6,184;6,188;1
6,188;6,192;1
6,192;6,196;1
6,196;6,2;1
6,2;6,204;1
6,204;6,208;1
6,208;6,212;1
6,212;6,216;1
6,216;6,22;1
6,22;6,224;1
6,224;6,228;1
6,228;6,232;1
6,232;6,236;1
6,236;6,24;1
6,24;6,244;1
6,244;6,248;1
6,248;6,252;1
6,252;6,256;1
6,256;6,26;1
6,26;6,264;1
6,264;6,268;1
6,268;6,272;1
6,272;6,276;1
6,276;6,28;1
6,28;6,284;1
6,284;6,288;1
6,288;6,292;1
6,292;6,296;1
6,296;6,3;1
6,3;6,304;1
6,304;6,308;1
6,308;6,312;1
6,312;6,316;1
6,316;6,32;1
6,32;6,324;1
6,324;6,328;1
6,328;6,332;1
6,332;6,336;1
6,336;6,34;1
6,34;6,344;1
6,344;6,348;1
6,348;6,352;1
6,352;6,356;1
6,356;6,36;1
6,36;6,364;1
6,364;6,368;1
6,368;6,372;1
6,372;6,376;1
6,376;6,38;1
6,38;6,384;1
6,384;6,388;1
6,388;6,392;1
6,392;6,396;1
6,396;6,4;1
6,4;6,404;1
6,404;6,408;1
6,408;6,412;1
6,412;6,416;1
6,416;6,42;1
6,42;6,424;1
6,424;6,428;1
6,428;6,432;1
6,432;6,436;1
6,436;6,44;1
6,44;6,444;1
6,444;6,448;1
6,448;6,452;1
6,452;6,456;1
6,456;6,46;1
6,46;6,464;1
6,464;6,468;1
6,468;6,472;1
6,472;6,476;1
6,476;6,48;1
6,48;6,484;1
6,484;6,488;1
6,488;6,492;1
6,492;6,496;1
6,496;6,5;1
6,5;6,504;1
6,504;6,508;1
6,508;6,512;1
6,512;6,516;1
6,516;6,52;1
6,52;6,524;1
6,524;6,528;1
6,528;6,532;1
6,532;6,536;1
6,536;6,54;1
6,54;6,544;1
6,544;6,548;1
6,548;6,552;1
6,552;6,556;1
6,556;6,56;1
6,56;6,564;1
6,564;6,568;1
6,568;6,572;1
6,572;6,576;1
6,576;6,58;1
6,58;6,584;1
6,584;6,588;1
6,588;6,592;1
6,592;6,596;1
6,596;6,6;1
6,6;6,604;1
6,604;6,608;1
6,608;6,612;1
6,612;6,616;1
6,616;6,62;1
6,62;6,624;1
6,624;6,628;1
6,628;6,632;1
6,632;6,636;1
6,636;6,64;1
6,64;6,644;1
6,644;6,648;1
6,648;6,652;1
6,652;6,656;1
6,656;6,66;1
6,66;6,664;1
6,664;6,668;1
6,668;6,672;1
6,672;6,676;1
6,676;6,68;1
6,68;6,684;1
6,684;6,688;1
6,688;6,692;1
6,692;6,696;1
6,696;6,7;1
6,7;6,704;1
6,704;6,708;1
6,708;6,712;1
6,712;6,716;1
6,716;6,72;1
6,72;6,724;1
6,724;6,728;1
6,728;6,732;1
6,732;6,736;1
6,736;6,74;1
6,74;6,744;1
6,744;6,748;1
6,748;6,752;1
6,752;6,756;1
6,756;6,76;1
6,76;6,764;1
6,764;6,768;1
6,768;6,772;1
6,772;6,776;1
6,776;6,78;1
6,78;6,784;1
6,784;6,788;1
6,788;6,792;1
6,792;6,796;1
6,796;6,8;1
6,8;6,804;1
6,804;6,808;1
6,808;6,812;1
6,812;6,816;1
6,816;6,82;1
6,82;6,824;1
6,824;6,828;1
6,828;6,832;1
6,832;6,836;1
6,836;6,84;1
6,84;6,844;1
6,844;6,848;1
6,848;6,852;1
6,852;6,856;1
6,856;6,86;1
6,86;6,864;1
6,864;6,868;1
6,868;6,872;1
6,872;6,876;1
6,876;6,88;1
6,88;6,884;1
6,884;6,888;1
6,888;6,892;1
6,892;6,896;1
6,896;6,9;1
6,9;6,904;1
6,904;6,908;1
6,908;6,912;1
6,912;6,916;1
6,916;6,92;1
6,92;6,924;1
6,924;6,928;1
6,928;6,932;1
6,932;6,936;1
6,936;6,94;1
6,94;6,944;1
6,944;6,948;1
6,948;6,952;1
6,952;6,956;1
6,956;6,96;1
6,96;6,964;1
6,964;6,968;1
6,968;6,972;1
6,972;6,976;1
6,976;6,98;1
6,98;6,984;1
6,984;6,988;1
6,988;6,992;1
6,992;6,996;1
6,996;7;1
7;7,004;1
7,004;7,008;1
7,008;7,012;1
7,012;7,016;1
7,016;7,02;1
7,02;7,024;1
7,024;7,028;1
7,028;7,032;1
7,032;7,036;1
7,036;7,04;1
7,04;7,044;1
7,044;7,048;1
7,048;7,052;1
7,052;7,056;1
7,056;7,06;1
7,06;7,064;1
7,064;7,068;1
7,068;7,072;1
7,072;7,076;1
7,076;7,08;1
7,08;7,084;1
7,084;7,088;1
7,088;7,092;1
7,092;7,096;1
7,096;7,1;1
7,1;7,104;1
7,104;7,108;1
7,108;7,112;1
7,112;7,116;1
7,116;7,12;1
7,12;7,124;1
7,124;7,128;1
7,128;7,132;1
7,132;7,136;1
7,136;7,14;1
7,14;7,144;1
7,144;7,148;1
7,148;7,152;1
7,152;7,156;1
7,156;7,16;1
7,16;7,164;1
7,164;7,168;1
7,168;7,172;1
7,172;7,176;1
7,176;7,18;1
7,18;7,184;1
7,184;7,188;1
7,188;7,192;1
7,192;7,196;1
7,196;7,2;1
7,2;7,204;1
7,204;7,208;1
7,208;7,212;1
7,212;7,216;1
7,216;7,22;1
7,22;7,224;1
7,224;7,228;1
7,228;7,232;1
7,232;7,236;1
7,236;7,24;1
7,24;7,244;1
7,244;7,248;1
7,248;7,252;1
7,252;7,256;1
7,256;7,26;1
7,26;7,264;1
7,264;7,268;1
7,268;7,272;1
7,272;7,276;1
7,276;7,28;1
7,28;7,284;1
7,284;7,288;1
7,288;7,292;1
7,292;7,296;1
7,296;7,3;1
7,3;7,304;1
7,304;7,308;1
7,308;7,312;1
7,312;7,316;1
7,316;7,32;1
7,32;7,324;1
7,324;7,328;1
7,328;7,332;1
7,332;7,336;1
7,336;7,34;1
7,34;7,344;1
7,344;7,348;1
7,348;7,352;1
7,352;7,356;1
7,356;7,36;1
7,36;7,364;1
7,364;7,368;1
7,368;7,372;1
7,372;7,376;1
7,376;7,38;1
7,38;7,384;1
7,384;7,388;1
7,388;7,392;1
7,392;7,396;1
7,396;7,4;1
7,4;7,404;1
7,404;7,408;1
7,408;7,412;1
7,412;7,416;1
7,416;7,42;1
7,42;7,424;1
7,424;7,428;1
7,428;7,432;1
7,432;7,436;1
7,436;7,44;1
7,44;7,444;1
7,444;7,448;1
7,448;7,452;1
7,452;7,456;1
7,456;7,46;1
7,46;7,464;1
7,464;7,468;1
7,468;7,472;1
7,472;7,476;1
7,476;7,48;1
7,48;7,484;1
7,484;7,488;1
7,488;7,492;1
7,492;7,496;1
7,496;7,5;1
7,5;7,504;1
7,504;7,508;1
7,508;7,512;1
7,512;7,516;1
7,516;7,52;1
7,52;7,524;1
7,524;7,528;1
7,528;7,532;1
7,532;7,536;1
7,536;7,54;1
7,54;7,544;1
7,544;7,548;1
7,548;7,552;1
7,552;7,556;1
7,556;7,56;1
7,56;7,564;1
7,564;7,568;1
7,568;7,572;1
7,572;7,576;1
7,576;7,58;1
7,58;7,584;1
7,584;7,588;1
7,588;7,592;1
7,592;7,596;1
7,596;7,6;1
7,6;7,604;1
7,604;7,608;1
7,608;7,612;1
7,612;7,616;1
7,616;7,62;1
7,62;7,624;1
7,624;7,628;1
7,628;7,632;1
7,632;7,636;1
7,636;7,64;1
7,64;7,644;1
7,644;7,648;1
7,648;7,652;1
7,652;7,656;1
7,656;7,66;1
7,66;7,664;1
7,664;7,668;1
7,668;7,672;1
7,672;7,676;1
7,676;7,68;1
7,68;7,684;1
7,684;7,688;1
7,688;7,692;1
7,692;7,696;1
7,696;7,7;1
7,7;7,704;1
7,704;7,708;1
7,708;7,712;1
7,712;7,716;1
7,716;7,72;1
7,72;7,724;1
7,724;7,728;1
7,728;7,732;1
7,732;7,736;1
7,736;7,74;1
7,74;7,744;1
7,744;7,748;1
7,748;7,752;1
7,752;7,756;1
7,756;7,76;1
7,76;7,764;1
7,764;7,768;1
7,768;7,772;1
7,772;7,776;1
7,776;7,78;1
7,78;7,784;1
7,784;7,788;1
7,788;7,792;1
7,792;7,796;1
7,796;7,8;1
7,8;7,804;1
7,804;7,808;1
7,808;7,812;1
7,812;7,816;1
7,816;7,82;1
7,82;7,824;1
7,824;7,828;1
7,828;7,832;1
7,832;7,836;1
7,836;7,84;1
7,84;7,844;1
7,844;7,848;1
7,848;7,852;1
7,852;7,856;1
7,856;7,86;1
7,86;7,864;1
7,864;7,868;1
7,868;7,872;1
7,872;7,876;1
7,876;7,88;1
7,88;7,884;1
7,884;7,888;1
7,888;7,892;1
7,892;7,896;1
7,896;7,9;1
7,9;7,904;1
7,904;7,908;1
7,908;7,912;1
7,912;7,916;1
7,916;7,92;1
7,92;7,924;1
7,924;7,928;1
7,928;7,932;1
7,932;7,936;1
7,936;7,94;1
7,94;7,944;1
7,944;7,948;1
7,948;7,952;1
7,952;7,956;1
7,956;7,96;1
7,96;7,964;1
7,964;7,968;1
7,968;7,972;1
7,972;7,976;1
7,976;7,98;1
7,98;7,984;1
7,984;7,988;1
7,988;7,992;1
7,992;7,996;1
7,996;8;1
8;8,004;1
8,004;8,008;1
8,008;8,012;1
8,012;8,016;1
8,016;8,02;1
8,02;8,024;1
8,024;8,028;1
8,028;8,032;1
8,032;8,036;1
8,036;8,04;1
8,04;8,044;1
8,044;8,048;1
8,048;8,052;1
8,052;8,056;1
8,056;8,06;1
8,06;8,064;1
8,064;8,068;1
8,068;8,072;1
8,072;8,076;1
8,076;8,08;1
8,08;8,084;1
8,084;8,088;1
8,088;8,092;1
8,092;8,096;1
8,096;8,1;1
8,1;8,104;1
8,104;8,108;1
8,108;8,112;1
8,112;8,116;1
8,116;8,12;1
8,12;8,124;1
8,124;8,128;1
8,128;8,132;1
8,132;8,136;1
8,136;8,14;1
8,14;8,144;1
8,144;8,148;1
8,148;8,152;1
8,152;8,156;1
8,156;8,16;1
8,16;8,164;1
8,164;8,168;1
8,168;8,172;1
8,172;8,176;1
8,176;8,18;1
8,18;8,184;1
8,184;8,188;1
8,188;8,192;1
8,192;8,196;1
8,196;8,2;1
8,2;8,204;1
8,204;8,208;1
8,208;8,212;1
8,212;8,216;1
8,216;8,22;1
8,22;8,224;1
8,224;8,228;1
8,228;8,232;1
8,232;8,236;1
8,236;8,24;1
8,24;8,244;1
8,244;8,248;1
8,248;8,252;1
8,252;8,256;1
8,256;8,26;1
8,26;8,264;1
8,264;8,268;1
8,268;8,272;1
8,272;8,276;1
8,276;8,28;1
8,28;8,284;1
8,284;8,288;1
8,288;8,292;1
8,292;8,296;1
8,296;8,3;1
8,3;8,304;1
8,304;8,308;1
8,308;8,312;1
8,312;8,316;1
8,316;8,32;1
8,32;8,324;1
8,324;8,328;1
8,328;8,332;1
8,332;8,336;1
8,336;8,34;1
8,34;8,344;1
8,344;8,348;1
8,348;8,352;1
8,352;8,356;1
8,356;8,36;1
8,36;8,364;1
8,364;8,368;1
8,368;8,372;1
8,372;8,376;1
8,376;8,38;1
8,38;8,384;1
8,384;8,388;1
8,388;8,392;1
8,392;8,396;1
8,396;8,4;1
8,4;8,404;1
8,404;8,408;1
8,408;8,412;1
8,412;8,416;1
8,416;8,42;1
8,42;8,424;1
8,424;8,428;1
8,428;8,432;1
8,432;8,436;1
8,436;8,44;1
8,44;8,444;1
8,444;8,448;1
8,448;8,452;1
8,452;8,456;1
8,456;8,46;1
8,46;8,464;1
8,464;8,468;1
8,468;8,472;1
8,472;8,476;1
8,476;8,48;1
8,48;8,484;1
8,484;8,488;1
8,488;8,492;1
8,492;8,496;1
8,496;8,5;1
8,5;8,504;1
8,504;8,508;1
8,508;8,512;1
8,512;8,516;1
8,516;8,52;1
8,52;8,524;1
8,524;8,528;1
8,528;8,532;1
8,532;8,536;1
8,536;8,54;1
8,54;8,544;1
8,544;8,548;1
8,548;8,552;1
8,552;8,556;1
8,556;8,56;1
8,56;8,564;1
8,564;8,568;1
8,568;8,572;1
8,572;8,576;1
8,576;8,58;1
8,58;8,584;1
8,584;8,588;1
8,588;8,592;1
8,592;8,596;1
8,596;8,6;1
8,6;8,604;1
8,604;8,608;1
8,608;8,612;1
8,612;8,616;1
8,616;8,62;1
8,62;8,624;1
8,624;8,628;1
8,628;8,632;1
8,632;8,636;1
8,636;8,64;1
8,64;8,644;1
8,644;8,648;1
8,648;8,652;1
8,652;8,656;1
8,656;8,66;1
8,66;8,664;1
8,664;8,668;1
8,668;8,672;1
8,672;8,676;1
8,676;8,68;1
8,68;8,684;1
8,684;8,688;1
8,688;8,692;1
8,692;8,696;1
8,696;8,7;1
8,7;8,704;1
8,704;8,708;1
8,708;8,712;1
8,712;8,716;1
8,716;8,72;1
8,72;8,724;1
8,724;8,728;1
8,728;8,732;1
8,732;8,736;1
8,736;8,74;1
8,74;8,744;1
8,744;8,748;1
8,748;8,752;1
8,752;8,756;1
8,756;8,76;1
8,76;8,764;1
8,764;8,768;1
8,768;8,772;1
8,772;8,776;1
8,776;8,78;1
8,78;8,784;1
8,784;8,788;1
8,788;8,792;1
8,792;8,796;1
8,796;8,8;1
8,8;8,804;1
8,804;8,808;1
8,808;8,812;1
8,812;8,816;1
8,816;8,82;1
8,82;8,824;1
8,824;8,828;1
8,828;8,832;1
8,832;8,836;1
8,836;8,84;1
8,84;8,844;1
8,844;8,848;1
8,848;8,852;1
8,852;8,856;1
8,856;8,86;1
8,86;8,864;1
8,864;8,868;1
8,868;8,872;1
8,872;8,876;1
8,876;8,88;1
8,88;8,884;1
8,884;8,888;1
8,888;8,892;1
8,892;8,896;1
8,896;8,9;1
8,9;8,904;1
8,904;8,908;1
8,908;8,912;1
8,912;8,916;1
8,916;8,92;1
8,92;8,924;1
8,924;8,928;1
8,928;8,932;1
8,932;8,936;1
8,936;8,94;1
8,94;8,944;1
8,944;8,948;1
8,948;8,952;1
8,952;8,956;1
8,956;8,96;1
8,96;8,964;1
8,964;8,968;1
8,968;8,972;1
8,972;8,976;1
8,976;8,98;1
8,98;8,984;1
8,984;8,988;1
8,988;8,992;1
8,992;8,996;1
8,996;9;1
9;9,004;1
9,004;9,008;1
9,008;9,012;1
9,012;9,016;1
9,016;9,02;1
9,02;9,024;1
9,024;9,028;1
9,028;9,032;1
9,032;9,036;1
9,036;9,04;1
9,04;9,044;1
9,044;9,048;1
9,048;9,052;1
9,052;9,056;1
9,056;9,06;1
9,06;9,064;1
9,064;9,068;1
9,068;9,072;1
9,072;9,076;1
9,076;9,08;1
9,08;9,084;1
9,084;9,088;1
9,088;9,092;1
9,092;9,096;1
9,096;9,1;1
9,1;9,104;1
9,104;9,108;1
9,108;9,112;1
9,112;9,116;1
9,116;9,12;1
9,12;9,124;1
9,124;9,128;1
9,128;9,132;1
9,132;9,136;1
9,136;9,14;1
9,14;9,144;1
9,144;9,148;1
9,148;9,152;1
9,152;9,156;1
9,156;9,16;1
9,16;9,164;1
9,164;9,168;1
9,168;9,172;1
9,172;9,176;1
9,176;9,18;1
9,18;9,184;1
9,184;9,188;1
9,188;9,192;1
9,192;9,196;1
9,196;9,2;1
9,2;9,204;1
9,204;9,208;1
9,208;9,212;1
9,212;9,216;1
9,216;9,22;1
9,22;9,224;1
9,224;9,228;1
9,228;9,232;1
9,232;9,236;1
9,236;9,24;1
9,24;9,244;1
9,244;9,248;1
9,248;9,252;1
9,252;9,256;1
9,256;9,26;1
9,26;9,264;1
9,264;9,268;1
9,268;9,272;1
9,272;9,276;1
9,276;9,28;1
9,28;9,284;1
9,284;9,288;1
9,288;9,292;1
9,292;9,296;1
9,296;9,3;1
9,3;9,304;1
9,304;9,308;1
9,308;9,312;1
9,312;9,316;1
9,316;9,32;1
9,32;9,324;1
9,324;9,328;1
9,328;9,332;1
9,332;9,336;1
9,336;9,34;1
9,34;9,344;1
9,344;9,348;1
9,348;9,352;1
9,352;9,356;1
9,356;9,36;1
9,36;9,364;1
9,364;9,368;1
9,368;9,372;1
9,372;9,376;1
9,376;9,38;1
9,38;9,384;1
9,384;9,388;1
9,388;9,392;1
9,392;9,396;1
9,396;9,4;1
9,4;9,404;1
9,404;9,408;1
9,408;9,412;1
9,412;9,416;1
9,416;9,42;1
9,42;9,424;1
9,424;9,428;1
9,428;9,432;1
9,432;9,436;1
9,436;9,44;1
9,44;9,444;1
9,444;9,448;1
9,448;9,452;1
9,452;9,456;1
9,456;9,46;1
9,46;9,464;1
9,464;9,468;1
9,468;9,472;1
9,472;9,476;1
9,476;9,48;1
9,48;9,484;1
9,484;9,488;1
9,488;9,492;1
9,492;9,496;1
9,496;9,5;1
9,5;9,504;1
9,504;9,508;1
9,508;9,512;1
9,512;9,516;1
9,516;9,52;1
9,52;9,524;1
9,524;9,528;1
9,528;9,532;1
9,532;9,536;1
9,536;9,54;1
9,54;9,544;1
9,544;9,548;1
9,548;9,552;1
9,552;9,556;1
9,556;9,56;1
9,56;9,564;1
9,564;9,568;1
9,568;9,572;1
9,572;9,576;1
9,576;9,58;1
9,58;9,584;1
9,584;9,588;1
9,588;9,592;1
9,592;9,596;1
9,596;9,6;1
9,6;9,604;1
9,604;9,608;1
9,608;9,612;1
9,612;9,616;1
9,616;9,62;1
9,62;9,624;1
9,624;9,628;1
9,628;9,632;1
9,632;9,636;1
9,636;9,64;1
9,64;9,644;1
9,644;9,648;1
9,648;9,652;1
9,652;9,656;1
9,656;9,66;1
9,66;9,664;1
9,664;9,668;1
9,668;9,672;1
9,672;9,676;1
9,676;9,68;1
9,68;9,684;1
9,684;9,688;1
9,688;9,692;1
9,692;9,696;1
9,696;9,7;1
9,7;9,704;1
9,704;9,708;1
9,708;9,712;1
9,712;9,716;1
9,716;9,72;1
9,72;9,724;1
9,724;9,728;1
9,728;9,732;1
9,732;9,736;1
9,736;9,74;1
9,74;9,744;1
9,744;9,748;1
9,748;9,752;1
9,752;9,756;1
9,756;9,76;1
9,76;9,764;1
9,764;9,768;1
9,768;9,772;1
9,772;9,776;1
9,776;9,78;1
9,78;9,784;1
9,784;9,788;1
9,788;9,792;1
9,792;9,796;1
9,796;9,8;1
9,8;9,804;1
9,804;9,808;1
9,808;9,812;1
9,812;9,816;1
9,816;9,82;1
9,82;9,824;1
9,824;9,828;1
9,828;9,832;1
9,832;9,836;1
9,836;9,84;1
9,84;9,844;1
9,844;9,848;1
9,848;9,852;1
9,852;9,856;1
9,856;9,86;1
9,86;9,864;1
9,864;9,868;1
9,868;9,872;1
9,872;9,876;1
9,876;9,88;1
9,88;9,884;1
9,884;9,888;1
9,888;9,892;1
9,892;9,896;1
9,896;9,9;1
9,9;9,904;1
9,904;9,908;1
9,908;9,912;1
9,912;9,916;1
9,916;9,92;1
9,92;9,924;1
9,924;9,928;1
9,928;9,932;1
9,932;9,936;1
9,936;9,94;1
9,94;9,944;1
9,944;9,948;1
9,948;9,952;1
9,952;9,956;1
9,956;9,96;1
9,96;9,964;1
9,964;9,968;1
9,968;9,972;1
9,972;9,976;1
9,976;9,98;1
9,98;9,984;1
9,984;9,988;1
9,988;9,992;1
9,992;9,996;1
9,996;10;1
10;10,004;1
10,004;10,008;1
10,008;10,012;1
10,012;10,016;1
10,016;10,02;1
10,02;10,024;1
10,024;10,028;1
10,028;10,032;1
10,032;10,036;1
10,036;10,04;1
10,04;10,044;1
10,044;10,048;1
10,048;10,052;1
10,052;10,056;1
10,056;10,06;1
10,06;10,064;1
10,064;10,068;1
10,068;10,072;1
10,072;10,076;1
10,076;10,08;1
10,08;10,084;1
10,084;10,088;1
10,088;10,092;1
10,092;10,096;1
10,096;10,1;1
10,1;10,104;1
10,104;10,108;1
10,108;10,112;1
10,112;10,116;1
10,116;10,12;1
10,12;10,124;1
10,124;10,128;1
10,128;10,132;1
10,132;10,136;1
10,136;10,14;1
10,14;10,144;1
10,144;10,148;1
10,148;10,152;1
10,152;10,156;1
10,156;10,16;1
10,16;10,164;1
10,164;10,168;1
10,168;10,172;1
10,172;10,176;1
10,176;10,18;1
10,18;10,184;1
10,184;10,188;1
10,188;10,192;1
10,192;10,196;1
10,196;10,2;1
10,2;10,204;1
10,204;10,208;1
10,208;10,212;1
10,212;10,216;1
10,216;10,22;1
10,22;10,224;1
10,224;10,228;1
10,228;10,232;1
10,232;10,236;1
10,236;10,24;1
10,24;10,244;1
10,244;10,248;1
10,248;10,252;1
10,252;10,256;1
10,256;10,26;1
10,26;10,264;1
10,264;10,268;1
10,268;10,272;1
10,272;10,276;1
10,276;10,28;1
10,28;10,284;1
10,284;10,288;1
10,288;10,292;1
10,292;10,296;1
10,296;10,3;1
10,3;10,304;1
10,304;10,308;1
10,308;10,312;1
10,312;10,316;1
10,316;10,32;1
10,32;10,324;1
10,324;10,328;1
10,328;10,332;1
10,332;10,336;1
10,336;10,34;1
10,34;10,344;1
10,344;10,348;1
10,348;10,352;1
10,352;10,356;1
10,356;10,36;1
10,36;10,364;1
10,364;10,368;1
10,368;10,372;1
10,372;10,376;1
10,376;10,38;1
10,38;10,384;1
10,384;10,388;1
10,388;10,392;1
10,392;10,396;1
10,396;10,4;1
10,4;10,404;1
10,404;10,408;1
10,408;10,412;1
10,412;10,416;1
10,416;10,42;1
10,42;10,424;1
10,424;10,428;1
10,428;10,432;1
10,432;10,436;1
10,436;10,44;1
10,44;10,444;1
10,444;10,448;1
10,448;10,452;1
10,452;10,456;1
10,456;10,46;1
10,46;10,464;1
10,464;10,468;1
10,468;10,472;1
10,472;10,476;1
10,476;10,48;1
10,48;10,484;1
10,484;10,488;1
10,488;10,492;1
10,492;10,496;1
10,496;10,5;1
10,5;10,504;1
10,504;10,508;1
10,508;10,512;1
10,512;10,516;1
10,516;10,52;1
10,52;10,524;1
10,524;10,528;1
10,528;10,532;1
10,532;10,536;1
10,536;10,54;1
10,54;10,544;1
10,544;10,548;1
10,548;10,552;1
10,552;10,556;1
10,556;10,56;1
10,56;10,564;1
10,564;10,568;1
10,568;10,572;1
10,572;10,576;1
10,576;10,58;1
10,58;10,584;1
10,584;10,588;1
10,588;10,592;1
10,592;10,596;1
10,596;10,6;1
10,6;10,604;1
10,604;10,608;1
10,608;10,612;1
10,612;10,616;1
10,616;10,62;1
10,62;10,624;1
10,624;10,628;1
10,628;10,632;1
10,632;10,636;1
10,636;10,64;1
10,64;10,644;1
10,644;10,648;1
10,648;10,652;1
10,652;10,656;1
10,656;10,66;1
10,66;10,664;1
10,664;10,668;1
10,668;10,672;1
10,672;10,676;1
10,676;10,68;1
10,68;10,684;1
10,684;10,688;1
10,688;10,692;1
10,692;10,696;1
10,696;10,7;1
10,7;10,704;1
10,704;10,708;1
10,708;10,712;1
10,712;10,716;1
10,716;10,72;1
10,72;10,724;1
10,724;10,728;1
10,728;10,732;1
10,732;10,736;1
10,736;10,74;1
10,74;10,744;1
10,744;10,748;1
10,748;10,752;1
10,752;10,756;1
10,756;10,76;1
10,76;10,764;1
10,764;10,768;1
10,768;10,772;1
10,772;10,776;1
10,776;10,78;1
10,78;10,784;1
10,784;10,788;1
10,788;10,792;1
10,792;10,796;1
10,796;10,8;1
10,8;10,804;1
10,804;10,808;1
10,808;10,812;1
10,812;10,816;1
10,816;10,82;1
10,82;10,824;1
10,824;10,828;1
10,828;10,832;1
10,832;10,836;1
10,836;10,84;1
10,84;10,844;1
10,844;10,848;1
10,848;10,852;1
10,852;10,856;1
10,856;10,86;1
10,86;10,864;1
10,864;10,868;1
10,868;10,872;1
10,872;10,876;1
10,876;10,88;1
10,88;10,884;1
10,884;10,888;1
10,888;10,892;1
10,892;10,896;1
10,896;10,9;1
10,9;10,904;1
10,904;10,908;1
10,908;10,912;1
10,912;10,916;1
10,916;10,92;1
10,92;10,924;1
10,924;10,928;1
10,928;10,932;1
10,932;10,936;1
10,936;10,94;1
10,94;10,944;1
10,944;10,948;1
10,948;10,952;1
10,952;10,956;1
10,956;10,96;1
10,96;10,964;1
10,964;10,968;1
10,968;10,972;1
10,972;10,976;1
10,976;10,98;1
10,98;10,984;1
10,984;10,988;1
10,988;10,992;1
10,992;10,996;1
10,996;11;1
11;11,004;1
11,004;11,008;1
11,008;11,012;1
11,012;11,016;1
11,016;11,02;1
11,02;11,024;1
11,024;11,028;1
11,028;11,032;1
11,032;11,036;1
11,036;11,04;1
11,04;11,044;1
11,044;11,048;1
11,048;11,052;1
11,052;11,056;1
11,056;11,06;1
11,06;11,064;1
11,064;11,068;1
11,068;11,072;1
11,072;11,076;1
11,076;11,08;1
11,08;11,084;1
11,084;11,088;1
11,088;11,092;1
11,092;11,096;1
11,096;11,1;1
11,1;11,104;1
11,104;11,108;1
11,108;11,112;1
11,112;11,116;1
11,116;11,12;1
11,12;11,124;1
11,124;11,128;1
11,128;11,132;1
11,132;11,136;1
11,136;11,14;1
11,14;11,144;1
11,144;11,148;1
11,148;11,152;1
11,152;11,156;1
11,156;11,16;1
11,16;11,164;1
11,164;11,168;1
11,168;11,172;1
11,172;11,176;1
11,176;11,18;1
11,18;11,184;1
11,184;11,188;1
11,188;11,192;1
11,192;11,196;1
11,196;11,2;1
11,2;11,204;1
11,204;11,208;1
11,208;11,212;1
11,212;11,216;1
11,216;11,22;1
11,22;11,224;1
11,224;11,228;1
11,228;11,232;1
11,232;11,236;1
11,236;11,24;1
11,24;11,244;1
11,244;11,248;1
11,248;11,252;1
11,252;11,256;1
11,256;11,26;1
11,26;11,264;1
11,264;11,268;1
11,268;11,272;1
11,272;11,276;1
11,276;11,28;1
11,28;11,284;1
11,284;11,288;1
11,288;11,292;1
11,292;11,296;1
11,296;11,3;1
11,3;11,304;1
11,304;11,308;1
11,308;11,312;1
11,312;11,316;1
11,316;11,32;1
11,32;11,324;1
11,324;11,328;1
11,328;11,332;1
11,332;11,336;1
11,336;11,34;1
11,34;11,344;1
11,344;11,348;1
11,348;11,352;1
11,352;11,356;1
11,356;11,36;1
11,36;11,364;1
11,364;11,368;1
11,368;11,372;1
11,372;11,376;1
11,376;11,38;1
11,38;11,384;1
11,384;11,388;1
11,388;11,392;1
11,392;11,396;1
11,396;11,4;1
11,4;11,404;1
11,404;11,408;1
11,408;11,412;1
11,412;11,416;1
11,416;11,42;1
11,42;11,424;1
11,424;11,428;1
11,428;11,432;1
11,432;11,436;1
11,436;11,44;1
11,44;11,444;1
11,444;11,448;1
11,448;11,452;1
11,452;11,456;1
11,456;11,46;1
11,46;11,464;1
11,464;11,468;1
11,468;11,472;1
11,472;11,476;1
11,476;11,48;1
11,48;11,484;1
11,484;11,488;1
11,488;11,492;1
11,492;11,496;1
11,496;11,5;1
11,5;11,504;1
11,504;11,508;1
11,508;11,512;1
11,512;11,516;1
11,516;11,52;1
11,52;11,524;1
11,524;11,528;1
11,528;11,532;1
11,532;11,536;1
11,536;11,54;1
11,54;11,544;1
11,544;11,548;1
11,548;11,552;1
11,552;11,556;1
11,556;11,56;1
11,56;11,564;1
11,564;11,568;1
11,568;11,572;1
11,572;11,576;1
11,576;11,58;1
11,58;11,584;1
11,584;11,588;1
11,588;11,592;1
11,592;11,596;1
11,596;11,6;1
11,6;11,604;1
11,604;11,608;1
11,608;11,612;1
11,612;11,616;1
11,616;11,62;1
11,62;11,624;1
11,624;11,628;1
11,628;11,632;1
11,632;11,636;1
11,636;11,64;1
11,64;11,644;1
11,644;11,648;1
11,648;11,652;1
11,652;11,656;1
11,656;11,66;1
11,66;11,664;1
11,664;11,668;1
11,668;11,672;1
11,672;11,676;1
11,676;11,68;1
11,68;11,684;1
11,684;11,688;1
11,688;11,692;1
11,692;11,696;1
11,696;11,7;1
11,7;11,704;1
11,704;11,708;1
11,708;11,712;1
11,712;11,716;1
11,716;11,72;1
11,72;11,724;1
11,724;11,728;1
11,728;11,732;1
11,732;11,736;1
11,736;11,74;1
11,74;11,744;1
11,744;11,748;1
11,748;11,752;1
11,752;11,756;1
11,756;11,76;1
11,76;11,764;1
11,764;11,768;1
11,768;11,772;1
11,772;11,776;1
11,776;11,78;1
11,78;11,784;1
11,784;11,788;1
11,788;11,792;1
11,792;11,796;1
11,796;11,8;1
11,8;11,804;1
11,804;11,808;1
11,808;11,812;1
11,812;11,816;1
11,816;11,82;1
11,82;11,824;1
11,824;11,828;1
11,828;11,832;1
11,832;11,836;1
11,836;11,84;1
11,84;11,844;1
11,844;11,848;1
11,848;11,852;1
11,852;11,856;1
11,856;11,86;1
11,86;11,864;1
11,864;11,868;1
11,868;11,872;1
11,872;11,876;1
11,876;11,88;1
11,88;11,884;1
11,884;11,888;1
11,888;11,892;1
11,892;11,896;1
11,896;11,9;1
11,9;11,904;1
11,904;11,908;1
11,908;11,912;1
11,912;11,916;1
11,916;11,92;1
11,92;11,924;1
11,924;11,928;1
11,928;11,932;1
11,932;11,936;1
11,936;11,94;1
11,94;11,944;1
11,944;11,948;1
11,948;11,952;1
11,952;11,956;1
11,956;11,96;1
11,96;11,964;1
11,964;11,968;1
11,968;11,972;1
11,972;11,976;1
11,976;11,98;1
11,98;11,984;1
11,984;11,988;1
11,988;11,992;1
11,992;11,996;1
11,996;12;1
12;12,004;1
12,004;12,008;1
12,008;12,012;1
12,012;12,016;1
12,016;12,02;1
12,02;12,024;1
12,024;12,028;1
12,028;12,032;1
12,032;12,036;1
12,036;12,04;1
12,04;12,044;1
12,044;12,048;1
12,048;12,052;1
12,052;12,056;1
12,056;12,06;1
12,06;12,064;1
12,064;12,068;1
12,068;12,072;1
12,072;12,076;1
12,076;12,08;1
12,08;12,084;1
12,084;12,088;1
12,088;12,092;1
12,092;12,096;1
12,096;12,1;1
12,1;12,104;1
12,104;12,108;1
12,108;12,112;1
12,112;12,116;1
12,116;12,12;1
12,12;12,124;1
12,124;12,128;1
12,128;12,132;1
12,132;12,136;1
12,136;12,14;1
12,14;12,144;1
12,144;12,148;1
12,148;12,152;1
12,152;12,156;1
12,156;12,16;1
12,16;12,164;1
12,164;12,168;1
12,168;12,172;1
12,172;12,176;1
12,176;12,18;1
12,18;12,184;1
12,184;12,188;1
12,188;12,192;1
12,192;12,196;1
12,196;12,2;1
12,2;12,204;1
12,204;12,208;1
12,208;12,212;1
12,212;12,216;1
12,216;12,22;1
12,22;12,224;1
12,224;12,228;1
12,228;12,232;1
12,232;12,236;1
12,236;12,24;1
12,24;12,244;1
12,244;12,248;1
12,248;12,252;1
12,252;12,256;1
12,256;12,26;1
12,26;12,264;1
12,264;12,268;1
12,268;12,272;1
12,272;12,276;1
12,276;12,28;1
12,28;12,284;1
12,284;12,288;1
12,288;12,292;1
12,292;12,296;1
12,296;12,3;1
12,3;12,304;1
12,304;12,308;1
12,308;12,312;1
12,312;12,316;1
12,316;12,32;1
12,32;12,324;1
12,324;12,328;1
12,328;12,332;1
12,332;12,336;1
12,336;12,34;1
12,34;12,344;1
12,344;12,348;1
12,348;12,352;1
12,352;12,356;1
12,356;12,36;1
12,36;12,364;1
12,364;12,368;1
12,368;12,372;1
12,372;12,376;1
12,376;12,38;1
12,38;12,384;1
12,384;12,388;1
12,388;12,392;1
12,392;12,396;1
12,396;12,4;1
12,4;12,404;1
12,404;12,408;1
12,408;12,412;1
12,412;12,416;1
12,416;12,42;1
12,42;12,424;1
12,424;12,428;1
12,428;12,432;1
12,432;12,436;1
12,436;12,44;1
12,44;12,444;1
12,444;12,448;1
12,448;12,452;1
12,452;12,456;1
12,456;12,46;1
12,46;12,464;1
12,464;12,468;1
12,468;12,472;1
12,472;12,476;1
12,476;12,48;1
12,48;12,484;1
12,484;12,488;1
12,488;12,492;1
12,492;12,496;1
12,496;12,5;1
12,5;12,504;1
12,504;12,508;1
12,508;12,512;1
12,512;12,516;1
12,516;12,52;1
12,52;12,524;1
12,524;12,528;1
12,528;12,532;1
12,532;12,536;1
12,536;12,54;1
12,54;12,544;1
12,544;12,548;1
12,548;12,552;1
12,552;12,556;1
12,556;12,56;1
12,56;12,564;1
12,564;12,568;1
12,568;12,572;1
12,572;12,576;1
12,576;12,58;1
12,58;12,584;1
12,584;12,588;1
12,588;12,592;1
12,592;12,596;1
12,596;12,6;1
12,6;12,604;1
12,604;12,608;1
12,608;12,612;1
12,612;12,616;1
12,616;12,62;1
12,62;12,624;1
12,624;12,628;1
12,628;12,632;1
12,632;12,636;1
12,636;12,64;1
12,64;12,644;1
12,644;12,648;1
12,648;12,652;1
12,652;12,656;1
12,656;12,66;1
12,66;12,664;1
12,664;12,668;1
12,668;12,672;1
12,672;12,676;1
12,676;12,68;1
12,68;12,684;1
12,684;12,688;1
12,688;12,692;1
12,692;12,696;1
12,696;12,7;1
12,7;12,704;1
12,704;12,708;1
12,708;12,712;1
12,712;12,716;1
12,716;12,72;1
12,72;12,724;1
12,724;12,728;1
12,728;12,732;1
12,732;12,736;1
12,736;12,74;1
12,74;12,744;1
12,744;12,748;1
12,748;12,752;1
12,752;12,756;1
12,756;12,76;1
12,76;12,764;1
12,764;12,768;1
12,768;12,772;1
12,772;12,776;1
12,776;12,78;1
12,78;12,784;1
12,784;12,788;1
12,788;12,792;1
12,792;12,796;1
12,796;12,8;1
12,8;12,804;1
12,804;12,808;1
12,808;12,812;1
12,812;12,816;1
12,816;12,82;1
12,82;12,824;1
12,824;12,828;1
12,828;12,832;1
12,832;12,836;1
12,836;12,84;1
12,84;12,844;1
12,844;12,848;1
12,848;12,852;1
12,852;12,856;1
12,856;12,86;1
12,86;12,864;1
12,864;12,868;1
12,868;12,872;1
12,872;12,876;1
12,876;12,88;1
12,88;12,884;1
12,884;12,888;1
12,888;12,892;1
12,892;12,896;1
12,896;12,9;1
12,9;12,904;1
12,904;12,908;1
12,908;12,912;1
12,912;12,916;1
12,916;12,92;1
12,92;12,924;1
12,924;12,928;1
12,928;12,932;1
12,932;12,936;1
12,936;12,94;1
12,94;12,944;1
12,944;12,948;1
12,948;12,952;1
12,952;12,956;1
12,956;12,96;1
12,96;12,964;1
12,964;12,968;1
12,968;12,972;1
12,972;12,976;1
12,976;12,98;1
12,98;12,984;1
12,984;12,988;1
12,988;12,992;1
12,992;12,996;1
12,996;13;1
13;13,004;1
13,004;13,008;1
13,008;13,012;1
13,012;13,016;1
13,016;13,02;1
13,02;13,024;1
13,024;13,028;1
13,028;13,032;1
13,032;13,036;1
13,036;13,04;1
13,04;13,044;1
13,044;13,048;1
13,048;13,052;1
13,052;13,056;1
13,056;13,06;1
13,06;13,064;1
13,064;13,068;1
13,068;13,072;1
13,072;13,076;1
13,076;13,08;1
13,08;13,084;1
13,084;13,088;1
13,088;13,092;1
13,092;13,096;1
13,096;13,1;1
13,1;13,104;1
13,104;13,108;1
13,108;13,112;1
13,112;13,116;1
13,116;13,12;1
13,12;13,124;1
13,124;13,128;1
13,128;13,132;1
13,132;13,136;1
13,136;13,14;1
13,14;13,144;1
13,144;13,148;1
13,148;13,152;1
13,152;13,156;1
13,156;13,16;1
13,16;13,164;1
13,164;13,168;1
13,168;13,172;1
13,172;13,176;1
13,176;13,18;1
13,18;13,184;1
13,184;13,188;1
13,188;13,192;1
13,192;13,196;1
13,196;13,2;1
13,2;13,204;1
13,204;13,208;1
13,208;13,212;1
13,212;13,216;1
13,216;13,22;1
13,22;13,224;1
13,224;13,228;1
13,228;13,232;1
13,232;13,236;1
13,236;13,24;1
13,24;13,244;1
13,244;13,248;1
13,248;13,252;1
13,252;13,256;1
13,256;13,26;1
13,26;13,264;1
13,264;13,268;1
13,268;13,272;1
13,272;13,276;1
13,276;13,28;1
13,28;13,284;1
13,284;13,288;1
13,288;13,292;1
13,292;13,296;1
13,296;13,3;1
13,3;13,304;1
13,304;13,308;1
13,308;13,312;1
13,312;13,316;1
13,316;13,32;1
13,32;13,324;1
13,324;13,328;1
13,328;13,332;1
13,332;13,336;1
13,336;13,34;1
13,34;13,344;1
13,344;13,348;1
13,348;13,352;1
13,352;13,356;1
13,356;13,36;1
13,36;13,364;1
13,364;13,368;1
13,368;13,372;1
13,372;13,376;1
13,376;13,38;1
13,38;13,384;1
13,384;13,388;1
13,388;13,392;1
13,392;13,396;1
13,396;13,4;1
13,4;13,404;1
13,404;13,408;1
13,408;13,412;1
13,412;13,416;1
13,416;13,42;1
13,42;13,424;1
13,424;13,428;1
13,428;13,432;1
13,432;13,436;1
13,436;13,44;1
13,44;13,444;1
13,444;13,448;1
13,448;13,452;1
13,452;13,456;1
13,456;13,46;1
13,46;13,464;1
13,464;13,468;1
13,468;13,472;1
13,472;13,476;1
13,476;13,48;1
13,48;13,484;1
13,484;13,488;1
13,488;13,492;1
13,492;13,496;1
13,496;13,5;1
13,5;13,504;1
13,504;13,508;1
13,508;13,512;1
13,512;13,516;1
13,516;13,52;1
13,52;13,524;1
13,524;13,528;1
13,528;13,532;1
13,532;13,536;1
13,536;13,54;1
13,54;13,544;1
13,544;13,548;1
13,548;13,552;1
13,552;13,556;1
13,556;13,56;1
13,56;13,564;1
13,564;13,568;1
13,568;13,572;1
13,572;13,576;1
13,576;13,58;1
13,58;13,584;1
13,584;13,588;1
13,588;13,592;1
13,592;13,596;1
13,596;13,6;1
13,6;13,604;1
13,604;13,608;1
13,608;13,612;1
13,612;13,616;1
13,616;13,62;1
13,62;13,624;1
13,624;13,628;1
13,628;13,632;1
13,632;13,636;1
13,636;13,64;1
13,64;13,644;1
13,644;13,648;1
13,648;13,652;1
13,652;13,656;1
13,656;13,66;1
13,66;13,664;1
13,664;13,668;1
13,668;13,672;1
13,672;13,676;1
13,676;13,68;1
13,68;13,684;1
13,684;13,688;1
13,688;13,692;1
13,692;13,696;1
13,696;13,7;1
13,7;13,704;1
13,704;13,708;1
13,708;13,712;1
13,712;13,716;1
13,716;13,72;1
13,72;13,724;1
13,724;13,728;1
13,728;13,732;1
13,732;13,736;1
13,736;13,74;1
13,74;13,744;1
13,744;13,748;1
13,748;13,752;1
13,752;13,756;1
13,756;13,76;1
13,76;13,764;1
13,764;13,768;1
13,768;13,772;1
13,772;13,776;1
13,776;13,78;1
13,78;13,784;1
13,784;13,788;1
13,788;13,792;1
13,792;13,796;1
13,796;13,8;1
13,8;13,804;1
13,804;13,808;1
13,808;13,812;1
13,812;13,816;1
13,816;13,82;1
13,82;13,824;1
13,824;13,828;1
13,828;13,832;1
13,832;13,836;1
13,836;13,84;1
13,84;13,844;1
13,844;13,848;1
13,848;13,852;1
13,852;13,856;1
13,856;13,86;1
13,86;13,864;1
13,864;13,868;1
13,868;13,872;1
13,872;13,876;1
13,876;13,88;1
13,88;13,884;1
13,884;13,888;1
13,888;13,892;1
13,892;13,896;1
13,896;13,9;1
13,9;13,904;1
13,904;13,908;1
13,908;13,912;1
13,912;13,916;1
13,916;13,92;1
13,92;13,924;1
13,924;13,928;1
13,928;13,932;1
13,932;13,936;1
13,936;13,94;1
13,94;13,944;1
13,944;13,948;1
13,948;13,952;1
13,952;13,956;1
13,956;13,96;1
13,96;13,964;1
13,964;13,968;1
13,968;13,972;1
13,972;13,976;1
13,976;13,98;1
13,98;13,984;1
13,984;13,988;1
13,988;13,992;1
13,992;13,996;1
13,996;14;1
14;14,004;1
14,004;14,008;1
14,008;14,012;1
14,012;14,016;1
14,016;14,02;1
14,02;14,024;1
14,024;14,028;1
14,028;14,032;1
14,032;14,036;1
14,036;14,04;1
14,04;14,044;1
14,044;14,048;1
14,048;14,052;1
14,052;14,056;1
14,056;14,06;1
14,06;14,064;1
14,064;14,068;1
14,068;14,072;1
14,072;14,076;1
14,076;14,08;1
14,08;14,084;1
14,084;14,088;1
14,088;14,092;1
14,092;14,096;1
14,096;14,1;1
14,1;14,104;1
14,104;14,108;1
14,108;14,112;1
14,112;14,116;1
14,116;14,12;1
14,12;14,124;1
14,124;14,128;1
14,128;14,132;1
14,132;14,136;1
14,136;14,14;1
14,14;14,144;1
14,144;14,148;1
14,148;14,152;1
14,152;14,156;1
14,156;14,16;1
14,16;14,164;1
14,164;14,168;1
14,168;14,172;1
14,172;14,176;1
14,176;14,18;1
14,18;14,184;1
14,184;14,188;1
14,188;14,192;1
14,192;14,196;1
14,196;14,2;1
14,2;14,204;1
14,204;14,208;1
14,208;14,212;1
14,212;14,216;1
14,216;14,22;1
14,22;14,224;1
14,224;14,228;1
14,228;14,232;1
14,232;14,236;1
14,236;14,24;1
14,24;14,244;1
14,244;14,248;1
14,248;14,252;1
14,252;14,256;1
14,256;14,26;1
14,26;14,264;1
14,264;14,268;1
14,268;14,272;1
14,272;14,276;1
14,276;14,28;1
14,28;14,284;1
14,284;14,288;1
14,288;14,292;1
14,292;14,296;1
14,296;14,3;1
14,3;14,304;1
14,304;14,308;1
14,308;14,312;1
14,312;14,316;1
14,316;14,32;1
14,32;14,324;1
14,324;14,328;1
14,328;14,332;1
14,332;14,336;1
14,336;14,34;1
14,34;14,344;1
14,344;14,348;1
14,348;14,352;1
14,352;14,356;1
14,356;14,36;1
14,36;14,364;1
14,364;14,368;1
14,368;14,372;1
14,372;14,376;1
14,376;14,38;1
14,38;14,384;1
14,384;14,388;1
14,388;14,392;1
14,392;14,396;1
14,396;14,4;1
14,4;14,404;1
14,404;14,408;1
14,408;14,412;1
14,412;14,416;1
14,416;14,42;1
14,42;14,424;1
14,424;14,428;1
14,428;14,432;1
14,432;14,436;1
14,436;14,44;1
14,44;14,444;1
14,444;14,448;1
14,448;14,452;1
14,452;14,456;1
14,456;14,46;1
14,46;14,464;1
14,464;14,468;1
14,468;14,472;1
14,472;14,476;1
14,476;14,48;1
14,48;14,484;1
14,484;14,488;1
14,488;14,492;1
14,492;14,496;1
14,496;14,5;1
14,5;14,504;1
14,504;14,508;1
14,508;14,512;1
14,512;14,516;1
14,516;14,52;1
14,52;14,524;1
14,524;14,528;1
14,528;14,532;1
14,532;14,536;1
14,536;14,54;1
14,54;14,544;1
14,544;14,548;1
14,548;14,552;1
14,552;14,556;1
14,556;14,56;1
14,56;14,564;1
14,564;14,568;1
14,568;14,572;1
14,572;14,576;1
14,576;14,58;1
14,58;14,584;1
14,584;14,588;1
14,588;14,592;1
14,592;14,596;1
14,596;14,6;1
14,6;14,604;1
14,604;14,608;1
14,608;14,612;1
14,612;14,616;1
14,616;14,62;1
14,62;14,624;1
14,624;14,628;1
14,628;14,632;1
14,632;14,636;1
14,636;14,64;1
14,64;14,644;1
14,644;14,648;1
14,648;14,652;1
14,652;14,656;1
14,656;14,66;1
14,66;14,664;1
14,664;14,668;1
14,668;14,672;1
14,672;14,676;1
14,676;14,68;1
14,68;14,684;1
14,684;14,688;1
14,688;14,692;1
14,692;14,696;1
14,696;14,7;1
14,7;14,704;1
14,704;14,708;1
14,708;14,712;1
14,712;14,716;1
14,716;14,72;1
14,72;14,724;1
14,724;14,728;1
14,728;14,732;1
14,732;14,736;1
14,736;14,74;1
14,74;14,744;1
14,744;14,748;1
14,748;14,752;1
14,752;14,756;1
14,756;14,76;1
14,76;14,764;1
14,764;14,768;1
14,768;14,772;1
14,772;14,776;1
14,776;14,78;1
14,78;14,784;1
14,784;14,788;1
14,788;14,792;1
14,792;14,796;1
14,796;14,8;1
14,8;14,804;1
14,804;14,808;1
14,808;14,812;1
14,812;14,816;1
14,816;14,82;1
14,82;14,824;1
14,824;14,828;1
14,828;14,832;1
14,832;14,836;1
14,836;14,84;1
14,84;14,844;1
14,844;14,848;1
14,848;14,852;1
14,852;14,856;1
14,856;14,86;1
14,86;14,864;1
14,864;14,868;1
14,868;14,872;1
14,872;14,876;1
14,876;14,88;1
14,88;14,884;1
14,884;14,888;1
14,888;14,892;1
14,892;14,896;1
14,896;14,9;1
14,9;14,904;1
14,904;14,908;1
14,908;14,912;1
14,912;14,916;1
14,916;14,92;1
14,92;14,924;1
14,924;14,928;1
14,928;14,932;1
14,932;14,936;1
14,936;14,94;1
14,94;14,944;1
14,944;14,948;1
14,948;14,952;1
14,952;14,956;1
14,956;14,96;1
14,96;14,964;1
14,964;14,968;1
14,968;14,972;1
14,972;14,976;1
14,976;14,98;1
14,98;14,984;1
14,984;14,988;1
14,988;14,992;1
14,992;14,996;1
14,996;15;1
15;15,004;1
15,004;15,008;1
15,008;15,012;1
15,012;15,016;1
15,016;15,02;1
15,02;15,024;1
15,024;15,028;1
15,028;15,032;1
15,032;15,036;1
15,036;15,04;1
15,04;15,044;1
15,044;15,048;1
15,048;15,052;1
15,052;15,056;1
15,056;15,06;1
15,06;15,064;1
15,064;15,068;1
15,068;15,072;1
15,072;15,076;1
15,076;15,08;1
15,08;15,084;1
15,084;15,088;1
15,088;15,092;1
15,092;15,096;1
15,096;15,1;1
15,1;15,104;1
15,104;15,108;1
15,108;15,112;1
15,112;15,116;1
15,116;15,12;1
15,12;15,124;1
15,124;15,128;1
15,128;15,132;1
15,132;15,136;1
15,136;15,14;1
15,14;15,144;1
15,144;15,148;1
15,148;15,152;1
15,152;15,156;1
15,156;15,16;1
15,16;15,164;1
15,164;15,168;1
15,168;15,172;1
15,172;15,176;1
15,176;15,18;1
15,18;15,184;1
15,184;15,188;1
15,188;15,192;1
15,192;15,196;1
15,196;15,2;1
15,2;15,204;1
15,204;15,208;1
15,208;15,212;1
15,212;15,216;1
15,216;15,22;1
15,22;15,224;1
15,224;15,228;1
15,228;15,232;1
15,232;15,236;1
15,236;15,24;1
15,24;15,244;1
15,244;15,248;1
15,248;15,252;1
15,252;15,256;1
15,256;15,26;1
15,26;15,264;1
15,264;15,268;1
15,268;15,272;1
15,272;15,276;1
15,276;15,28;1
15,28;15,284;1
15,284;15,288;1
15,288;15,292;1
15,292;15,296;1
15,296;15,3;1
15,3;15,304;1
15,304;15,308;1
15,308;15,312;1
15,312;15,316;1
15,316;15,32;1
15,32;15,324;1
15,324;15,328;1
15,328;15,332;1
15,332;15,336;1
15,336;15,34;1
15,34;15,344;1
15,344;15,348;1
15,348;15,352;1
15,352;15,356;1
15,356;15,36;1
15,36;15,364;1
15,364;15,368;1
15,368;15,372;1
15,372;15,376;1
15,376;15,38;1
15,38;15,384;1
15,384;15,388;1
15,388;15,392;1
15,392;15,396;1
15,396;15,4;1
15,4;15,404;1
15,404;15,408;1
15,408;15,412;1
15,412;15,416;1
15,416;15,42;1
15,42;15,424;1
15,424;15,428;1
15,428;15,432;1
15,432;15,436;1
15,436;15,44;1
15,44;15,444;1
15,444;15,448;1
15,448;15,452;1
15,452;15,456;1
15,456;15,46;1
15,46;15,464;1
15,464;15,468;1
15,468;15,472;1
15,472;15,476;1
15,476;15,48;1
15,48;15,484;1
15,484;15,488;1
15,488;15,492;1
15,492;15,496;1
15,496;15,5;1
15,5;15,504;1
15,504;15,508;1
15,508;15,512;1
15,512;15,516;1
15,516;15,52;1
15,52;15,524;1
15,524;15,528;1
15,528;15,532;1
15,532;15,536;1
15,536;15,54;1
15,54;15,544;1
15,544;15,548;1
15,548;15,552;1
15,552;15,556;1
15,556;15,56;1
15,56;15,564;1
15,564;15,568;1
15,568;15,572;1
15,572;15,576;1
15,576;15,58;1
15,58;15,584;1
15,584;15,588;1
15,588;15,592;1
15,592;15,596;1
15,596;15,6;1
15,6;15,604;1
15,604;15,608;1
15,608;15,612;1
15,612;15,616;1
15,616;15,62;1
15,62;15,624;1
15,624;15,628;1
15,628;15,632;1
15,632;15,636;1
15,636;15,64;1
15,64;15,644;1
15,644;15,648;1
15,648;15,652;1
15,652;15,656;1
15,656;15,66;1
15,66;15,664;1
15,664;15,668;1
15,668;15,672;1
15,672;15,676;1
15,676;15,68;1
15,68;15,684;1
15,684;15,688;1
15,688;15,692;1
15,692;15,696;1
15,696;15,7;1
15,7;15,704;1
15,704;15,708;1
15,708;15,712;1
15,712;15,716;1
15,716;15,72;1
15,72;15,724;1
15,724;15,728;1
15,728;15,732;1
15,732;15,736;1
15,736;15,74;1
15,74;15,744;1
15,744;15,748;1
15,748;15,752;1
15,752;15,756;1
15,756;15,76;1
15,76;15,764;1
15,764;15,768;1
15,768;15,772;1
15,772;15,776;1
15,776;15,78;1
15,78;15,784;1
15,784;15,788;1
15,788;15,792;1
15,792;15,796;1
15,796;15,8;1
15,8;15,804;1
15,804;15,808;1
15,808;15,812;1
15,812;15,816;1
15,816;15,82;1
15,82;15,824;1
15,824;15,828;1
15,828;15,832;1
15,832;15,836;1
15,836;15,84;1
15,84;15,844;1
15,844;15,848;1
15,848;15,852;1
15,852;15,856;1
15,856;15,86;1
15,86;15,864;1
15,864;15,868;1
15,868;15,872;1
15,872;15,876;1
15,876;15,88;1
15,88;15,884;1
15,884;15,888;1
15,888;15,892;1
15,892;15,896;1
15,896;15,9;1
15,9;15,904;1
15,904;15,908;1
15,908;15,912;1
15,912;15,916;1
15,916;15,92;1
15,92;15,924;1
15,924;15,928;1
15,928;15,932;1
15,932;15,936;1
15,936;15,94;1
15,94;15,944;1
15,944;15,948;1
15,948;15,952;1
15,952;15,956;1
15,956;15,96;1
15,96;15,964;1
15,964;15,968;1
15,968;15,972;1
15,972;15,976;1
15,976;15,98;1
15,98;15,984;1
15,984;15,988;1
15,988;15,992;1
15,992;15,996;1
15,996;16;1
16;16,004;1
16,004;16,008;1
16,008;16,012;1
16,012;16,016;1
16,016;16,02;1
16,02;16,024;1
16,024;16,028;1
16,028;16,032;1
16,032;16,036;1
16,036;16,04;1
16,04;16,044;1
16,044;16,048;1
16,048;16,052;1
16,052;16,056;1
16,056;16,06;1
16,06;16,064;1
16,064;16,068;1
16,068;16,072;1
16,072;16,076;1
16,076;16,08;1
16,08;16,084;1
16,084;16,088;1
16,088;16,092;1
16,092;16,096;1
16,096;16,1;1
16,1;16,104;1
16,104;16,108;1
16,108;16,112;1
16,112;16,116;1
16,116;16,12;1
16,12;16,124;1
16,124;16,128;1
16,128;16,132;1
16,132;16,136;1
16,136;16,14;1
16,14;16,144;1
16,144;16,148;1
16,148;16,152;1
16,152;16,156;1
16,156;16,16;1
16,16;16,164;1
16,164;16,168;1
16,168;16,172;1
16,172;16,176;1
16,176;16,18;1
16,18;16,184;1
16,184;16,188;1
16,188;16,192;1
16,192;16,196;1
16,196;16,2;1
16,2;16,204;1
16,204;16,208;1
16,208;16,212;1
16,212;16,216;1
16,216;16,22;1
16,22;16,224;1
16,224;16,228;1
16,228;16,232;1
16,232;16,236;1
16,236;16,24;1
16,24;16,244;1
16,244;16,248;1
16,248;16,252;1
16,252;16,256;1
16,256;16,26;1
16,26;16,264;1
16,264;16,268;1
16,268;16,272;1
16,272;16,276;1
16,276;16,28;1
16,28;16,284;1
16,284;16,288;1
16,288;16,292;1
16,292;16,296;1
16,296;16,3;1
16,3;16,304;1
16,304;16,308;1
16,308;16,312;1
16,312;16,316;1
16,316;16,32;1
16,32;16,324;1
16,324;16,328;1
16,328;16,332;1
16,332;16,336;1
16,336;16,34;1
16,34;16,344;1
16,344;16,348;1
16,348;16,352;1
16,352;16,356;1
16,356;16,36;1
16,36;16,364;1
16,364;16,368;1
16,368;16,372;1
16,372;16,376;1
16,376;16,38;1
16,38;16,384;1
16,384;16,388;1
16,388;16,392;1
16,392;16,396;1
16,396;16,4;1
16,4;16,404;1
16,404;16,408;1
16,408;16,412;1
16,412;16,416;1
16,416;16,42;1
16,42;16,424;1
16,424;16,428;1
16,428;16,432;1
16,432;16,436;1
16,436;16,44;1
16,44;16,444;1
16,444;16,448;1
16,448;16,452;1
16,452;16,456;1
16,456;16,46;1
16,46;16,464;1
16,464;16,468;1
16,468;16,472;1
16,472;16,476;1
16,476;16,48;1
16,48;16,484;1
16,484;16,488;1
16,488;16,492;1
16,492;16,496;1
16,496;16,5;1
16,5;16,504;1
16,504;16,508;1
16,508;16,512;1
16,512;16,516;1
16,516;16,52;1
16,52;16,524;1
16,524;16,528;1
16,528;16,532;1
16,532;16,536;1
16,536;16,54;1
16,54;16,544;1
16,544;16,548;1
16,548;16,552;1
16,552;16,556;1
16,556;16,56;1
16,56;16,564;1
16,564;16,568;1
16,568;16,572;1
16,572;16,576;1
16,576;16,58;1
16,58;16,584;1
16,584;16,588;1
16,588;16,592;1
16,592;16,596;1
16,596;16,6;1
16,6;16,604;1
16,604;16,608;1
16,608;16,612;1
16,612;16,616;1
16,616;16,62;1
16,62;16,624;1
16,624;16,628;1
16,628;16,632;1
16,632;16,636;1
16,636;16,64;1
16,64;16,644;1
16,644;16,648;1
16,648;16,652;1
16,652;16,656;1
16,656;16,66;1
16,66;16,664;1
16,664;16,668;1
16,668;16,672;1
16,672;16,676;1
16,676;16,68;1
16,68;16,684;1
16,684;16,688;1
16,688;16,692;1
16,692;16,696;1
16,696;16,7;1
16,7;16,704;1
16,704;16,708;1
16,708;16,712;1
16,712;16,716;1
16,716;16,72;1
16,72;16,724;1
16,724;16,728;1
16,728;16,732;1
16,732;16,736;1
16,736;16,74;1
16,74;16,744;1
16,744;16,748;1
16,748;16,752;1
16,752;16,756;1
16,756;16,76;1
16,76;16,764;1
16,764;16,768;1
16,768;16,772;1
16,772;16,776;1
16,776;16,78;1
16,78;16,784;1
16,784;16,788;1
16,788;16,792;1
16,792;16,796;1
16,796;16,8;1
16,8;16,804;1
16,804;16,808;1
16,808;16,812;1
16,812;16,816;1
16,816;16,82;1
16,82;16,824;1
16,824;16,828;1
16,828;16,832;1
16,832;16,836;1
16,836;16,84;1
16,84;16,844;1
16,844;16,848;1
16,848;16,852;1
16,852;16,856;1
16,856;16,86;1
16,86;16,864;1
16,864;16,868;1
16,868;16,872;1
16,872;16,876;1
16,876;16,88;1
16,88;16,884;1
16,884;16,888;1
16,888;16,892;1
16,892;16,896;1
16,896;16,9;1
16,9;16,904;1
16,904;16,908;1
16,908;16,912;1
16,912;16,916;1
16,916;16,92;1
16,92;16,924;1
16,924;16,928;1
16,928;16,932;1
16,932;16,936;1
16,936;16,94;1
16,94;16,944;1
16,944;16,948;1
16,948;16,952;1
16,952;16,956;1
16,956;16,96;1
16,96;16,964;1
16,964;16,968;1
16,968;16,972;1
16,972;16,976;1
16,976;16,98;1
16,98;16,984;1
16,984;16,988;1
16,988;16,992;1
16,992;16,996;1
16,996;17;1
17;17,004;1
17,004;17,008;1
17,008;17,012;1
17,012;17,016;1
17,016;17,02;1
17,02;17,024;1
17,024;17,028;1
17,028;17,032;1
17,032;17,036;1
17,036;17,04;1
17,04;17,044;1
17,044;17,048;1
17,048;17,052;1
17,052;17,056;1
17,056;17,06;1
17,06;17,064;1
17,064;17,068;1
17,068;17,072;1
17,072;17,076;1
17,076;17,08;1
17,08;17,084;1
17,084;17,088;1
17,088;17,092;1
17,092;17,096;1
17,096;17,1;1
17,1;17,104;1
17,104;17,108;1
17,108;17,112;1
17,112;17,116;1
17,116;17,12;1
17,12;17,124;1
17,124;17,128;1
17,128;17,132;1
17,132;17,136;1
17,136;17,14;1
17,14;17,144;1
17,144;17,148;1
17,148;17,152;1
17,152;17,156;1
17,156;17,16;1
17,16;17,164;1
17,164;17,168;1
17,168;17,172;1
17,172;17,176;1
17,176;17,18;1
17,18;17,184;1
17,184;17,188;1
17,188;17,192;1
17,192;17,196;1
17,196;17,2;1
17,2;17,204;1
17,204;17,208;1
17,208;17,212;1
17,212;17,216;1
17,216;17,22;1
17,22;17,224;1
17,224;17,228;1
17,228;17,232;1
17,232;17,236;1
17,236;17,24;1
17,24;17,244;1
17,244;17,248;1
17,248;17,252;1
17,252;17,256;1
17,256;17,26;1
17,26;17,264;1
17,264;17,268;1
17,268;17,272;1
17,272;17,276;1
17,276;17,28;1
17,28;17,284;1
17,284;17,288;1
17,288;17,292;1
17,292;17,296;1
17,296;17,3;1
17,3;17,304;1
17,304;17,308;1
17,308;17,312;1
17,312;17,316;1
17,316;17,32;1
17,32;17,324;1
17,324;17,328;1
17,328;17,332;1
17,332;17,336;1
17,336;17,34;1
17,34;17,344;1
17,344;17,348;1
17,348;17,352;1
17,352;17,356;1
17,356;17,36;1
17,36;17,364;1
17,364;17,368;1
17,368;17,372;1
17,372;17,376;1
17,376;17,38;1
17,38;17,384;1
17,384;17,388;1
17,388;17,392;1
17,392;17,396;1
17,396;17,4;1
17,4;17,404;1
17,404;17,408;1
17,408;17,412;1
17,412;17,416;1
17,416;17,42;1
17,42;17,424;1
17,424;17,428;1
17,428;17,432;1
17,432;17,436;1
17,436;17,44;1
17,44;17,444;1
17,444;17,448;1
17,448;17,452;1
17,452;17,456;1
17,456;17,46;1
17,46;17,464;1
17,464;17,468;1
17,468;17,472;1
17,472;17,476;1
17,476;17,48;1
17,48;17,484;1
17,484;17,488;1
17,488;17,492;1
17,492;17,496;1
17,496;17,5;1
17,5;17,504;1
17,504;17,508;1
17,508;17,512;1
17,512;17,516;1
17,516;17,52;1
17,52;17,524;1
17,524;17,528;1
17,528;17,532;1
17,532;17,536;1
17,536;17,54;1
17,54;17,544;1
17,544;17,548;1
17,548;17,552;1
17,552;17,556;1
17,556;17,56;1
17,56;17,564;1
17,564;17,568;1
17,568;17,572;1
17,572;17,576;1
17,576;17,58;1
17,58;17,584;1
17,584;17,588;1
17,588;17,592;1
17,592;17,596;1
17,596;17,6;1
17,6;17,604;1
17,604;17,608;1
17,608;17,612;1
17,612;17,616;1
17,616;17,62;1
17,62;17,624;1
17,624;17,628;1
17,628;17,632;1
17,632;17,636;1
17,636;17,64;1
17,64;17,644;1
17,644;17,648;1
17,648;17,652;1
17,652;17,656;1
17,656;17,66;1
17,66;17,664;1
17,664;17,668;1
17,668;17,672;1
17,672;17,676;1
17,676;17,68;1
17,68;17,684;1
17,684;17,688;1
17,688;17,692;1
17,692;17,696;1
17,696;17,7;1
17,7;17,704;1
17,704;17,708;1
17,708;17,712;1
17,712;17,716;1
17,716;17,72;1
17,72;17,724;1
17,724;17,728;1
17,728;17,732;1
17,732;17,736;1
17,736;17,74;1
17,74;17,744;1
17,744;17,748;1
17,748;17,752;1
17,752;17,756;1
17,756;17,76;1
17,76;17,764;1
17,764;17,768;1
17,768;17,772;1
17,772;17,776;1
17,776;17,78;1
17,78;17,784;1
17,784;17,788;1
17,788;17,792;1
17,792;17,796;1
17,796;17,8;1
17,8;17,804;1
17,804;17,808;1
17,808;17,812;1
17,812;17,816;1
17,816;17,82;1
17,82;17,824;1
17,824;17,828;1
17,828;17,832;1
17,832;17,836;1
17,836;17,84;1
17,84;17,844;1
17,844;17,848;1
17,848;17,852;1
17,852;17,856;1
17,856;17,86;1
17,86;17,864;1
17,864;17,868;1
17,868;17,872;1
17,872;17,876;1
17,876;17,88;1
17,88;17,884;1
17,884;17,888;1
17,888;17,892;1
17,892;17,896;1
17,896;17,9;1
17,9;17,904;1
17,904;17,908;1
17,908;17,912;1
17,912;17,916;1
17,916;17,92;1
17,92;17,924;1
17,924;17,928;1
17,928;17,932;1
17,932;17,936;1
17,936;17,94;1
17,94;17,944;1
17,944;17,948;1
17,948;17,952;1
17,952;17,956;1
17,956;17,96;1
17,96;17,964;1
17,964;17,968;1
17,968;17,972;1
17,972;17,976;1
17,976;17,98;1
17,98;17,984;1
17,984;17,988;1
17,988;17,992;1
17,992;17,996;1
17,996;18;1
18;18,004;1
18,004;18,008;1
18,008;18,012;1
18,012;18,016;1
18,016;18,02;1
18,02;18,024;1
18,024;18,028;1
18,028;18,032;1
18,032;18,036;1
18,036;18,04;1
18,04;18,044;1
18,044;18,048;1
18,048;18,052;1
18,052;18,056;1
18,056;18,06;1
18,06;18,064;1
18,064;18,068;1
18,068;18,072;1
18,072;18,076;1
18,076;18,08;1
18,08;18,084;1
18,084;18,088;1
18,088;18,092;1
18,092;18,096;1
18,096;18,1;1
18,1;18,104;1
18,104;18,108;1
18,108;18,112;1
18,112;18,116;1
18,116;18,12;1
18,12;18,124;1
18,124;18,128;1
18,128;18,132;1
18,132;18,136;1
18,136;18,14;1
18,14;18,144;1
18,144;18,148;1
18,148;18,152;1
18,152;18,156;1
18,156;18,16;1
18,16;18,164;1
18,164;18,168;1
18,168;18,172;1
18,172;18,176;1
18,176;18,18;1
18,18;18,184;1
18,184;18,188;1
18,188;18,192;1
18,192;18,196;1
18,196;18,2;1
18,2;18,204;1
18,204;18,208;1
18,208;18,212;1
18,212;18,216;1
18,216;18,22;1
18,22;18,224;1
18,224;18,228;1
18,228;18,232;1
18,232;18,236;1
18,236;18,24;1
18,24;18,244;1
18,244;18,248;1
18,248;18,252;1
18,252;18,256;1
18,256;18,26;1
18,26;18,264;1
18,264;18,268;1
18,268;18,272;1
18,272;18,276;1
18,276;18,28;1
18,28;18,284;1
18,284;18,288;1
18,288;18,292;1
18,292;18,296;1
18,296;18,3;1
18,3;18,304;1
18,304;18,308;1
18,308;18,312;1
18,312;18,316;1
18,316;18,32;1
18,32;18,324;1
18,324;18,328;1
18,328;18,332;1
18,332;18,336;1
18,336;18,34;1
18,34;18,344;1
18,344;18,348;1
18,348;18,352;1
18,352;18,356;1
18,356;18,36;1
18,36;18,364;1
18,364;18,368;1
18,368;18,372;1
18,372;18,376;1
18,376;18,38;1
18,38;18,384;1
18,384;18,388;1
18,388;18,392;1
18,392;18,396;1
18,396;18,4;1
18,4;18,404;1
18,404;18,408;1
18,408;18,412;1
18,412;18,416;1
18,416;18,42;1
18,42;18,424;1
18,424;18,428;1
18,428;18,432;1
18,432;18,436;1
18,436;18,44;1
18,44;18,444;1
18,444;18,448;1
18,448;18,452;1
18,452;18,456;1
18,456;18,46;1
18,46;18,464;1
18,464;18,468;1
18,468;18,472;1
18,472;18,476;1
18,476;18,48;1
18,48;18,484;1
18,484;18,488;1
18,488;18,492;1
18,492;18,496;1
18,496;18,5;1
18,5;18,504;1
18,504;18,508;1
18,508;18,512;1
18,512;18,516;1
18,516;18,52;1
18,52;18,524;1
18,524;18,528;1
18,528;18,532;1
18,532;18,536;1
18,536;18,54;1
18,54;18,544;1
18,544;18,548;1
18,548;18,552;1
18,552;18,556;1
18,556;18,56;1
18,56;18,564;1
18,564;18,568;1
18,568;18,572;1
18,572;18,576;1
18,576;18,58;1
18,58;18,584;1
18,584;18,588;1
18,588;18,592;1
18,592;18,596;1
18,596;18,6;1
18,6;18,604;1
18,604;18,608;1
18,608;18,612;1
18,612;18,616;1
18,616;18,62;1
18,62;18,624;1
18,624;18,628;1
18,628;18,632;1
18,632;18,636;1
18,636;18,64;1
18,64;18,644;1
18,644;18,648;1
18,648;18,652;1
18,652;18,656;1
18,656;18,66;1
18,66;18,664;1
18,664;18,668;1
18,668;18,672;1
18,672;18,676;1
18,676;18,68;1
18,68;18,684;1
18,684;18,688;1
18,688;18,692;1
18,692;18,696;1
18,696;18,7;1
18,7;18,704;1
18,704;18,708;1
18,708;18,712;1
18,712;18,716;1
18,716;18,72;1
18,72;18,724;1
18,724;18,728;1
18,728;18,732;1
18,732;18,736;1
18,736;18,74;1
18,74;18,744;1
18,744;18,748;1
18,748;18,752;1
18,752;18,756;1
18,756;18,76;1
18,76;18,764;1
18,764;18,768;1
18,768;18,772;1
18,772;18,776;1
18,776;18,78;1
18,78;18,784;1
18,784;18,788;1
18,788;18,792;1
18,792;18,796;1
18,796;18,8;1
18,8;18,804;1
18,804;18,808;1
18,808;18,812;1
18,812;18,816;1
18,816;18,82;1
18,82;18,824;1
18,824;18,828;1
18,828;18,832;1
18,832;18,836;1
18,836;18,84;1
18,84;18,844;1
18,844;18,848;1
18,848;18,852;1
18,852;18,856;1
18,856;18,86;1
18,86;18,864;1
18,864;18,868;1
18,868;18,872;1
18,872;18,876;1
18,876;18,88;1
18,88;18,884;1
18,884;18,888;1
18,888;18,892;1
18,892;18,896;1
18,896;18,9;1
18,9;18,904;1
18,904;18,908;1
18,908;18,912;1
18,912;18,916;1
18,916;18,92;1
18,92;18,924;1
18,924;18,928;1
18,928;18,932;1
18,932;18,936;1
18,936;18,94;1
18,94;18,944;1
18,944;18,948;1
18,948;18,952;1
18,952;18,956;1
18,956;18,96;1
18,96;18,964;1
18,964;18,968;1
18,968;18,972;1
18,972;18,976;1
18,976;18,98;1
18,98;18,984;1
18,984;18,988;1
18,988;18,992;1
18,992;18,996;1
18,996;19;1
19;19,004;1
19,004;19,008;1
19,008;19,012;1
19,012;19,016;1
19,016;19,02;1
19,02;19,024;1
19,024;19,028;1
19,028;19,032;1
19,032;19,036;1
19,036;19,04;1
19,04;19,044;1
19,044;19,048;1
19,048;19,052;1
19,052;19,056;1
19,056;19,06;1
19,06;19,064;1
19,064;19,068;1
19,068;19,072;1
19,072;19,076;1
19,076;19,08;1
19,08;19,084;1
19,084;19,088;1
19,088;19,092;1
19,092;19,096;1
19,096;19,1;1
19,1;19,104;1
19,104;19,108;1
19,108;19,112;1
19,112;19,116;1
19,116;19,12;1
19,12;19,124;1
19,124;19,128;1
19,128;19,132;1
19,132;19,136;1
19,136;19,14;1
19,14;19,144;1
19,144;19,148;1
19,148;19,152;1
19,152;19,156;1
19,156;19,16;1
19,16;19,164;1
19,164;19,168;1
19,168;19,172;1
19,172;19,176;1
19,176;19,18;1
19,18;19,184;1
19,184;19,188;1
19,188;19,192;1
19,192;19,196;1
19,196;19,2;1
19,2;19,204;1
19,204;19,208;1
19,208;19,212;1
19,212;19,216;1
19,216;19,22;1
19,22;19,224;1
19,224;19,228;1
19,228;19,232;1
19,232;19,236;1
19,236;19,24;1
19,24;19,244;1
19,244;19,248;1
19,248;19,252;1
19,252;19,256;1
19,256;19,26;1
19,26;19,264;1
19,264;19,268;1
19,268;19,272;1
19,272;19,276;1
19,276;19,28;1
19,28;19,284;1
19,284;19,288;1
19,288;19,292;1
19,292;19,296;1
19,296;19,3;1
19,3;19,304;1
19,304;19,308;1
19,308;19,312;1
19,312;19,316;1
19,316;19,32;1
19,32;19,324;1
19,324;19,328;1
19,328;19,332;1
19,332;19,336;1
19,336;19,34;1
19,34;19,344;1
19,344;19,348;1
19,348;19,352;1
19,352;19,356;1
19,356;19,36;1
19,36;19,364;1
19,364;19,368;1
19,368;19,372;1
19,372;19,376;1
19,376;19,38;1
19,38;19,384;1
19,384;19,388;1
19,388;19,392;1
19,392;19,396;1
19,396;19,4;1
19,4;19,404;1
19,404;19,408;1
19,408;19,412;1
19,412;19,416;1
19,416;19,42;1
19,42;19,424;1
19,424;19,428;1
19,428;19,432;1
19,432;19,436;1
19,436;19,44;1
19,44;19,444;1
19,444;19,448;1
19,448;19,452;1
19,452;19,456;1
19,456;19,46;1
19,46;19,464;1
19,464;19,468;1
19,468;19,472;1
19,472;19,476;1
19,476;19,48;1
19,48;19,484;1
19,484;19,488;1
19,488;19,492;1
19,492;19,496;1
19,496;19,5;1
19,5;19,504;1
19,504;19,508;1
19,508;19,512;1
19,512;19,516;1
19,516;19,52;1
19,52;19,524;1
19,524;19,528;1
19,528;19,532;1
19,532;19,536;1
19,536;19,54;1
19,54;19,544;1
19,544;19,548;1
19,548;19,552;1
19,552;19,556;1
19,556;19,56;1
19,56;19,564;1
19,564;19,568;1
19,568;19,572;1
19,572;19,576;1
19,576;19,58;1
19,58;19,584;1
19,584;19,588;1
19,588;19,592;1
19,592;19,596;1
19,596;19,6;1
19,6;19,604;1
19,604;19,608;1
19,608;19,612;1
19,612;19,616;1
19,616;19,62;1
19,62;19,624;1
19,624;19,628;1
19,628;19,632;1
19,632;19,636;1
19,636;19,64;1
19,64;19,644;1
19,644;19,648;1
19,648;19,652;1
19,652;19,656;1
19,656;19,66;1
19,66;19,664;1
19,664;19,668;1
19,668;19,672;1
19,672;19,676;1
19,676;19,68;1
19,68;19,684;1
19,684;19,688;1
19,688;19,692;1
19,692;19,696;1
19,696;19,7;1
19,7;19,704;1
19,704;19,708;1
19,708;19,712;1
19,712;19,716;1
19,716;19,72;1
19,72;19,724;1
19,724;19,728;1
19,728;19,732;1
19,732;19,736;1
19,736;19,74;1
19,74;19,744;1
19,744;19,748;1
19,748;19,752;1
19,752;19,756;1
19,756;19,76;1
19,76;19,764;1
19,764;19,768;1
19,768;19,772;1
19,772;19,776;1
19,776;19,78;1
19,78;19,784;1
19,784;19,788;1
19,788;19,792;1
19,792;19,796;1
19,796;19,8;1
19,8;19,804;1
19,804;19,808;1
19,808;19,812;1
19,812;19,816;1
19,816;19,82;1
19,82;19,824;1
19,824;19,828;1
19,828;19,832;1
19,832;19,836;1
19,836;19,84;1
19,84;19,844;1
19,844;19,848;1
19,848;19,852;1
19,852;19,856;1
19,856;19,86;1
19,86;19,864;1
19,864;19,868;1
19,868;19,872;1
19,872;19,876;1
19,876;19,88;1
19,88;19,884;1
19,884;19,888;1
19,888;19,892;1
19,892;19,896;1
19,896;19,9;1
19,9;19,904;1
19,904;19,908;1
19,908;19,912;1
19,912;19,916;1
19,916;19,92;1
19,92;19,924;1
19,924;19,928;1
19,928;19,932;1
19,932;19,936;1
19,936;19,94;1
19,94;19,944;1
19,944;19,948;1
19,948;19,952;1
19,952;19,956;1
19,956;19,96;1
19,96;19,964;1
19,964;19,968;1
19,968;19,972;1
19,972;19,976;1
19,976;19,98;1
19,98;19,984;1
19,984;19,988;1
19,988;19,992;1
19,992;19,996;1
19,996;20;1
20;20,004;1
20,004;20,008;1
20,008;20,012;1
20,012;20,016;1
20,016;20,02;1
20,02;20,024;1
20,024;20,028;1
20,028;20,032;1
20,032;20,036;1
20,036;20,04;1
20,04;20,044;1
20,044;20,048;1
20,048;20,052;1
20,052;20,056;1
20,056;20,06;1
20,06;20,064;1
20,064;20,068;1
20,068;20,072;1
20,072;20,076;1
20,076;20,08;1
20,08;20,084;1
20,084;20,088;1
20,088;20,092;1
20,092;20,096;1
20,096;20,1;1
20,1;20,104;1
20,104;20,108;1
20,108;20,112;1
20,112;20,116;1
20,116;20,12;1
20,12;20,124;1
20,124;20,128;1
20,128;20,132;1
20,132;20,136;1
20,136;20,14;1
20,14;20,144;1
20,144;20,148;1
20,148;20,152;1
20,152;20,156;1
20,156;20,16;1
20,16;20,164;1
20,164;20,168;1
20,168;20,172;1
20,172;20,176;1
20,176;20,18;1
20,18;20,184;1
20,184;20,188;1
20,188;20,192;1
20,192;20,196;1
20,196;20,2;1
20,2;20,204;1
20,204;20,208;1
20,208;20,212;1
20,212;20,216;1
20,216;20,22;1
20,22;20,224;1
20,224;20,228;1
20,228;20,232;1
20,232;20,236;1
20,236;20,24;1
20,24;20,244;1
20,244;20,248;1
20,248;20,252;1
20,252;20,256;1
20,256;20,26;1
20,26;20,264;1
20,264;20,268;1
20,268;20,272;1
20,272;20,276;1
20,276;20,28;1
20,28;20,284;1
20,284;20,288;1
20,288;20,292;1
20,292;20,296;1
20,296;20,3;1
20,3;20,304;1
20,304;20,308;1
20,308;20,312;1
20,312;20,316;1
20,316;20,32;1
20,32;20,324;1
20,324;20,328;1
20,328;20,332;1
20,332;20,336;1
20,336;20,34;1
20,34;20,344;1
20,344;20,348;1
20,348;20,352;1
20,352;20,356;1
20,356;20,36;1
20,36;20,364;1
20,364;20,368;1
20,368;20,372;1
20,372;20,376;1
20,376;20,38;1
20,38;20,384;1
20,384;20,388;1
20,388;20,392;1
20,392;20,396;1
20,396;20,4;1
20,4;20,404;1
20,404;20,408;1
20,408;20,412;1
20,412;20,416;1
20,416;20,42;1
20,42;20,424;1
20,424;20,428;1
20,428;20,432;1
20,432;20,436;1
20,436;20,44;1
20,44;20,444;1
20,444;20,448;1
20,448;20,452;1
20,452;20,456;1
20,456;20,46;1
20,46;20,464;1
20,464;20,468;1
20,468;20,472;1
20,472;20,476;1
20,476;20,48;1
20,48;20,484;1
20,484;20,488;1
20,488;20,492;1
20,492;20,496;1
20,496;20,5;1
20,5;20,504;1
20,504;20,508;1
20,508;20,512;1
20,512;20,516;1
20,516;20,52;1
20,52;20,524;1
20,524;20,528;1
20,528;20,532;1
20,532;20,536;1
20,536;20,54;1
20,54;20,544;1
20,544;20,548;1
20,548;20,552;1
20,552;20,556;1
20,556;20,56;1
20,56;20,564;1
20,564;20,568;1
20,568;20,572;1
20,572;20,576;1
20,576;20,58;1
20,58;20,584;1
20,584;20,588;1
20,588;20,592;1
20,592;20,596;1
20,596;20,6;1
20,6;20,604;1
20,604;20,608;1
20,608;20,612;1
20,612;20,616;1
20,616;20,62;1
20,62;20,624;1
20,624;20,628;1
20,628;20,632;1
20,632;20,636;1
20,636;20,64;1
20,64;20,644;1
20,644;20,648;1
20,648;20,652;1
20,652;20,656;1
20,656;20,66;1
20,66;20,664;1
20,664;20,668;1
20,668;20,672;1
20,672;20,676;1
20,676;20,68;1
20,68;20,684;1
20,684;20,688;1
20,688;20,692;1
20,692;20,696;1
20,696;20,7;1
20,7;20,704;1
20,704;20,708;1
20,708;20,712;1
20,712;20,716;1
20,716;20,72;1
20,72;20,724;1
20,724;20,728;1
20,728;20,732;1
20,732;20,736;1
20,736;20,74;1
20,74;20,744;1
20,744;20,748;1
20,748;20,752;1
20,752;20,756;1
20,756;20,76;1
20,76;20,764;1
20,764;20,768;1
20,768;20,772;1
20,772;20,776;1
20,776;20,78;1
20,78;20,784;1
20,784;20,788;1
20,788;20,792;1
20,792;20,796;1
20,796;20,8;1
20,8;20,804;1
20,804;20,808;1
20,808;20,812;1
20,812;20,816;1
20,816;20,82;1
20,82;20,824;1
20,824;20,828;1
20,828;20,832;1
20,832;20,836;1
20,836;20,84;1
20,84;20,844;1
20,844;20,848;1
20,848;20,852;1
20,852;20,856;1
20,856;20,86;1
20,86;20,864;1
20,864;20,868;1
20,868;20,872;1
20,872;20,876;1
20,876;20,88;1
20,88;20,884;1
20,884;20,888;1
20,888;20,892;1
20,892;20,896;1
20,896;20,9;1
20,9;20,904;1
20,904;20,908;1
20,908;20,912;1
20,912;20,916;1
20,916;20,92;1
20,92;20,924;1
20,924;20,928;1
20,928;20,932;1
20,932;20,936;1
20,936;20,94;1
20,94;20,944;1
20,944;20,948;1
20,948;20,952;1
20,952;20,956;1
20,956;20,96;1
20,96;20,964;1
20,964;20,968;1
20,968;20,972;1
20,972;20,976;1
20,976;20,98;1
20,98;20,984;1
20,984;20,988;1
20,988;20,992;1
20,992;20,996;1
20,996;21;1
21;21,004;1
21,004;21,008;1
21,008;21,012;1
21,012;21,016;1
21,016;21,02;1
21,02;21,024;1
21,024;21,028;1
21,028;21,032;1
21,032;21,036;1
21,036;21,04;1
21,04;21,044;1
21,044;21,048;1
21,048;21,052;1
21,052;21,056;1
21,056;21,06;1
21,06;21,064;1
21,064;21,068;1
21,068;21,072;1
21,072;21,076;1
21,076;21,08;1
21,08;21,084;1
21,084;21,088;1
21,088;21,092;1
21,092;21,096;1
21,096;21,1;1
21,1;21,104;1
21,104;21,108;1
21,108;21,112;1
21,112;21,116;1
21,116;21,12;1
21,12;21,124;1
21,124;21,128;1
21,128;21,132;1
21,132;21,136;1
21,136;21,14;1
21,14;21,144;1
21,144;21,148;1
21,148;21,152;1
21,152;21,156;1
21,156;21,16;1
21,16;21,164;1
21,164;21,168;1
21,168;21,172;1
21,172;21,176;1
21,176;21,18;1
21,18;21,184;1
21,184;21,188;1
21,188;21,192;1
21,192;21,196;1
21,196;21,2;1
21,2;21,204;1
21,204;21,208;1
21,208;21,212;1
21,212;21,216;1
21,216;21,22;1
21,22;21,224;1
21,224;21,228;1
21,228;21,232;1
21,232;21,236;1
21,236;21,24;1
21,24;21,244;1
21,244;21,248;1
21,248;21,252;1
21,252;21,256;1
21,256;21,26;1
21,26;21,264;1
21,264;21,268;1
21,268;21,272;1
21,272;21,276;1
21,276;21,28;1
21,28;21,284;1
21,284;21,288;1
21,288;21,292;1
21,292;21,296;1
21,296;21,3;1
21,3;21,304;1
21,304;21,308;1
21,308;21,312;1
21,312;21,316;1
21,316;21,32;1
21,32;21,324;1
21,324;21,328;1
21,328;21,332;1
21,332;21,336;1
21,336;21,34;1
21,34;21,344;1
21,344;21,348;1
21,348;21,352;1
21,352;21,356;1
21,356;21,36;1
21,36;21,364;1
21,364;21,368;1
21,368;21,372;1
21,372;21,376;1
21,376;21,38;1
21,38;21,384;1
21,384;21,388;1
21,388;21,392;1
21,392;21,396;1
21,396;21,4;1
21,4;21,404;1
21,404;21,408;1
21,408;21,412;1
21,412;21,416;1
21,416;21,42;1
21,42;21,424;1
21,424;21,428;1
21,428;21,432;1
21,432;21,436;1
21,436;21,44;1
21,44;21,444;1
21,444;21,448;1
21,448;21,452;1
21,452;21,456;1
21,456;21,46;1
21,46;21,464;1
21,464;21,468;1
21,468;21,472;1
21,472;21,476;1
21,476;21,48;1
21,48;21,484;1
21,484;21,488;1
21,488;21,492;1
21,492;21,496;1
21,496;21,5;1
21,5;21,504;1
21,504;21,508;1
21,508;21,512;1
21,512;21,516;1
21,516;21,52;1
21,52;21,524;1
21,524;21,528;1
21,528;21,532;1
21,532;21,536;1
21,536;21,54;1
21,54;21,544;1
21,544;21,548;1
21,548;21,552;1
21,552;21,556;1
21,556;21,56;1
21,56;21,564;1
21,564;21,568;1
21,568;21,572;1
21,572;21,576;1
21,576;21,58;1
21,58;21,584;1
21,584;21,588;1
21,588;21,592;1
21,592;21,596;1
21,596;21,6;1
21,6;21,604;1
21,604;21,608;1
21,608;21,612;1
21,612;21,616;1
21,616;21,62;1
21,62;21,624;1
21,624;21,628;1
21,628;21,632;1
21,632;21,636;1
21,636;21,64;1
21,64;21,644;1
21,644;21,648;1
21,648;21,652;1
21,652;21,656;1
21,656;21,66;1
21,66;21,664;1
21,664;21,668;1
21,668;21,672;1
21,672;21,676;1
21,676;21,68;1
21,68;21,684;1
21,684;21,688;1
21,688;21,692;1
21,692;21,696;1
21,696;21,7;1
21,7;21,704;1
21,704;21,708;1
21,708;21,712;1
21,712;21,716;1
21,716;21,72;1
21,72;21,724;1
21,724;21,728;1
21,728;21,732;1
21,732;21,736;1
21,736;21,74;1
21,74;21,744;1
21,744;21,748;1
21,748;21,752;1
21,752;21,756;1
21,756;21,76;1
21,76;21,764;1
21,764;21,768;1
21,768;21,772;1
21,772;21,776;1
21,776;21,78;1
21,78;21,784;1
21,784;21,788;1
21,788;21,792;1
21,792;21,796;1
21,796;21,8;1
21,8;21,804;1
21,804;21,808;1
21,808;21,812;1
21,812;21,816;1
21,816;21,82;1
21,82;21,824;1
21,824;21,828;1
21,828;21,832;1
21,832;21,836;1
21,836;21,84;1
21,84;21,844;1
21,844;21,848;1
21,848;21,852;1
21,852;21,856;1
21,856;21,86;1
21,86;21,864;1
21,864;21,868;1
21,868;21,872;1
21,872;21,876;1
21,876;21,88;1
21,88;21,884;1
21,884;21,888;1
21,888;21,892;1
21,892;21,896;1
21,896;21,9;1
21,9;21,904;1
21,904;21,908;1
21,908;21,912;1
21,912;21,916;1
21,916;21,92;1
21,92;21,924;1
21,924;21,928;1
21,928;21,932;1
21,932;21,936;1
21,936;21,94;1
21,94;21,944;1
21,944;21,948;1
21,948;21,952;1
21,952;21,956;1
21,956;21,96;1
21,96;21,964;1
21,964;21,968;1
21,968;21,972;1
21,972;21,976;1
21,976;21,98;1
21,98;21,984;1
21,984;21,988;1
21,988;21,992;1
21,992;21,996;1
21,996;22;1
22;22,004;1
22,004;22,008;1
22,008;22,012;1
22,012;22,016;1
22,016;22,02;1
22,02;22,024;1
22,024;22,028;1
22,028;22,032;1
22,032;22,036;1
22,036;22,04;1
22,04;22,044;1
22,044;22,048;1
22,048;22,052;1
22,052;22,056;1
22,056;22,06;1
22,06;22,064;1
22,064;22,068;1
22,068;22,072;1
22,072;22,076;1
22,076;22,08;1
22,08;22,084;1
22,084;22,088;1
22,088;22,092;1
22,092;22,096;1
22,096;22,1;1
22,1;22,104;1
22,104;22,108;1
22,108;22,112;1
22,112;22,116;1
22,116;22,12;1
22,12;22,124;1
22,124;22,128;1
22,128;22,132;1
22,132;22,136;1
22,136;22,14;1
22,14;22,144;1
22,144;22,148;1
22,148;22,152;1
22,152;22,156;1
22,156;22,16;1
22,16;22,164;1
22,164;22,168;1
22,168;22,172;1
22,172;22,176;1
22,176;22,18;1
22,18;22,184;1
22,184;22,188;1
22,188;22,192;1
22,192;22,196;1
22,196;22,2;1
22,2;22,204;1
22,204;22,208;1
22,208;22,212;1
22,212;22,216;1
22,216;22,22;1
22,22;22,224;1
22,224;22,228;1
22,228;22,232;1
22,232;22,236;1
22,236;22,24;1
22,24;22,244;1
22,244;22,248;1
22,248;22,252;1
22,252;22,256;1
22,256;22,26;1
22,26;22,264;1
22,264;22,268;1
22,268;22,272;1
22,272;22,276;1
22,276;22,28;1
22,28;22,284;1
22,284;22,288;1
22,288;22,292;1
22,292;22,296;1
22,296;22,3;1
22,3;22,304;1
22,304;22,308;1
22,308;22,312;1
22,312;22,316;1
22,316;22,32;1
22,32;22,324;1
22,324;22,328;1
22,328;22,332;1
22,332;22,336;1
22,336;22,34;1
22,34;22,344;1
22,344;22,348;1
22,348;22,352;1
22,352;22,356;1
22,356;22,36;1
22,36;22,364;1
22,364;22,368;1
22,368;22,372;1
22,372;22,376;1
22,376;22,38;1
22,38;22,384;1
22,384;22,388;1
22,388;22,392;1
22,392;22,396;1
22,396;22,4;1
22,4;22,404;1
22,404;22,408;1
22,408;22,412;1
22,412;22,416;1
22,416;22,42;1
22,42;22,424;1
22,424;22,428;1
22,428;22,432;1
22,432;22,436;1
22,436;22,44;1
22,44;22,444;1
22,444;22,448;1
22,448;22,452;1
22,452;22,456;1
22,456;22,46;1
22,46;22,464;1
22,464;22,468;1
22,468;22,472;1
22,472;22,476;1
22,476;22,48;1
22,48;22,484;1
22,484;22,488;1
22,488;22,492;1
22,492;22,496;1
22,496;22,5;1
22,5;22,504;1
22,504;22,508;1
22,508;22,512;1
22,512;22,516;1
22,516;22,52;1
22,52;22,524;1
22,524;22,528;1
22,528;22,532;1
22,532;22,536;1
22,536;22,54;1
22,54;22,544;1
22,544;22,548;1
22,548;22,552;1
22,552;22,556;1
22,556;22,56;1
22,56;22,564;1
22,564;22,568;1
22,568;22,572;1
22,572;22,576;1
22,576;22,58;1
22,58;22,584;1
22,584;22,588;1
22,588;22,592;1
22,592;22,596;1
22,596;22,6;1
22,6;22,604;1
22,604;22,608;1
22,608;22,612;1
22,612;22,616;1
22,616;22,62;1
22,62;22,624;1
22,624;22,628;1
22,628;22,632;1
22,632;22,636;1
22,636;22,64;1
22,64;22,644;1
22,644;22,648;1
22,648;22,652;1
22,652;22,656;1
22,656;22,66;1
22,66;22,664;1
22,664;22,668;1
22,668;22,672;1
22,672;22,676;1
22,676;22,68;1
22,68;22,684;1
22,684;22,688;1
22,688;22,692;1
22,692;22,696;1
22,696;22,7;1
22,7;22,704;1
22,704;22,708;1
22,708;22,712;1
22,712;22,716;1
22,716;22,72;1
22,72;22,724;1
22,724;22,728;1
22,728;22,732;1
22,732;22,736;1
22,736;22,74;1
22,74;22,744;1
22,744;22,748;1
22,748;22,752;1
22,752;22,756;1
22,756;22,76;1
22,76;22,764;1
22,764;22,768;1
22,768;22,772;1
22,772;22,776;1
22,776;22,78;1
22,78;22,784;1
22,784;22,788;1
22,788;22,792;1
22,792;22,796;1
22,796;22,8;1
22,8;22,804;1
22,804;22,808;1
22,808;22,812;1
22,812;22,816;1
22,816;22,82;1
22,82;22,824;1
22,824;22,828;1
22,828;22,832;1
22,832;22,836;1
22,836;22,84;1
22,84;22,844;1
22,844;22,848;1
22,848;22,852;1
22,852;22,856;1
22,856;22,86;1
22,86;22,864;1
22,864;22,868;1
22,868;22,872;1
22,872;22,876;1
22,876;22,88;1
22,88;22,884;1
22,884;22,888;1
22,888;22,892;1
22,892;22,896;1
22,896;22,9;1
22,9;22,904;1
22,904;22,908;1
22,908;22,912;1
22,912;22,916;1
22,916;22,92;1
22,92;22,924;1
22,924;22,928;1
22,928;22,932;1
22,932;22,936;1
22,936;22,94;1
22,94;22,944;1
22,944;22,948;1
22,948;22,952;1
22,952;22,956;1
22,956;22,96;1
22,96;22,964;1
22,964;22,968;1
22,968;22,972;1
22,972;22,976;1
22,976;22,98;1
22,98;22,984;1
22,984;22,988;1
22,988;22,992;1
22,992;22,996;1
22,996;23;1
23;23,004;1
23,004;23,008;1
23,008;23,012;1
23,012;23,016;1
23,016;23,02;1
23,02;23,024;1
23,024;23,028;1
23,028;23,032;1
23,032;23,036;1
23,036;23,04;1
23,04;23,044;1
23,044;23,048;1
23,048;23,052;1
23,052;23,056;1
23,056;23,06;1
23,06;23,064;1
23,064;23,068;1
23,068;23,072;1
23,072;23,076;1
23,076;23,08;1
23,08;23,084;1
23,084;23,088;1
23,088;23,092;1
23,092;23,096;1
23,096;23,1;1
23,1;23,104;1
23,104;23,108;1
23,108;23,112;1
23,112;23,116;1
23,116;23,12;1
23,12;23,124;1
23,124;23,128;1
23,128;23,132;1
23,132;23,136;1
23,136;23,14;1
23,14;23,144;1
23,144;23,148;1
23,148;23,152;1
23,152;23,156;1
23,156;23,16;1
23,16;23,164;1
23,164;23,168;1
23,168;23,172;1
23,172;23,176;1
23,176;23,18;1
23,18;23,184;1
23,184;23,188;1
23,188;23,192;1
23,192;23,196;1
23,196;23,2;1
23,2;23,204;1
23,204;23,208;1
23,208;23,212;1
23,212;23,216;1
23,216;23,22;1
23,22;23,224;1
23,224;23,228;1
23,228;23,232;1
23,232;23,236;1
23,236;23,24;1
23,24;23,244;1
23,244;23,248;1
23,248;23,252;1
23,252;23,256;1
23,256;23,26;1
23,26;23,264;1
23,264;23,268;1
23,268;23,272;1
23,272;23,276;1
23,276;23,28;1
23,28;23,284;1
23,284;23,288;1
23,288;23,292;1
23,292;23,296;1
23,296;23,3;1
23,3;23,304;1
23,304;23,308;1
23,308;23,312;1
23,312;23,316;1
23,316;23,32;1
23,32;23,324;1
23,324;23,328;1
23,328;23,332;1
23,332;23,336;1
23,336;23,34;1
23,34;23,344;1
23,344;23,348;1
23,348;23,352;1
23,352;23,356;1
23,356;23,36;1
23,36;23,364;1
23,364;23,368;1
23,368;23,372;1
23,372;23,376;1
23,376;23,38;1
23,38;23,384;1
23,384;23,388;1
23,388;23,392;1
23,392;23,396;1
23,396;23,4;1
23,4;23,404;1
23,404;23,408;1
23,408;23,412;1
