Start;Stop;;
0;0,025;8670,49;8973,69
0,0125;0,0375;126,055;128,243
0,025;0,05;118,777;129,951
0,0375;0,0625;118,918;136,131
0,05;0,075;114,911;121,298
0,0625;0,0875;96,9454;108,539
0,075;0,1;91,3429;116,174
0,0875;0,1125;86,4847;104,725
0,1;0,125;85,9104;94,4598
0,1125;0,1375;86,1594;90,9551
0,125;0,15;87,0309;98,8714
0,1375;0,1625;94,2515;110,179
0,15;0,175;95,0766;117,373
0,1625;0,1875;91,5622;116,784
0,175;0,2;92,703;103,689
0,1875;0,2125;88,3711;96,844
0,2;0,225;78,0674;91,1251
0,2125;0,2375;77,9005;84,0975
0,225;0,25;76,2749;81,7909
0,2375;0,2625;76,5065;85,9483
0,25;0,275;76,4433;82,4878
0,2625;0,2875;81,9868;80,0619
0,275;0,3;80,7671;75,1459
0,2875;0,3125;65,5813;64,3597
0,3;0,325;71,4336;82,8112
0,3125;0,3375;71,7859;89,3855
0,325;0,35;71,2788;79,8247
0,3375;0,3625;76,1701;83,642
0,35;0,375;83,7858;94,1716
0,3625;0,3875;95,9178;99,0087
0,375;0,4;103,39;91,5809
0,3875;0,4125;111,812;87,6258
0,4;0,425;100,077;85,219
0,4125;0,4375;83,871;73,0389
0,425;0,45;81,5132;63,6363
0,4375;0,4625;75,6439;76,9653
0,45;0,475;83,2856;82,258
0,4625;0,4875;82,8448;76,6676
0,475;0,5;78,0617;84,6498
0,4875;0,5125;82,5837;86,8515
0,5;0,525;81,6007;79,2087
0,5125;0,5375;83,0666;78,4204
0,525;0,55;100,852;94,8253
0,5375;0,5625;103,04;101,132
0,55;0,575;87,2698;89,52
0,5625;0,5875;87,7608;76,9278
0,575;0,6;83,9573;76,1437
0,5875;0,6125;75,3444;79,5925
0,6;0,625;82,9794;70,7436
0,6125;0,6375;88,0308;84,6949
0,625;0,65;102,664;104,482
0,6375;0,6625;118,896;107,027
0,65;0,675;119,96;108,136
0,6625;0,6875;123,874;112,444
0,675;0,7;114,191;114,059
0,6875;0,7125;104,125;102,572
0,7;0,725;107,566;98,8646
0,7125;0,7375;118,861;105,816
0,725;0,75;136,738;109,68
0,7375;0,7625;127,255;105,042
0,75;0,775;105,578;83,76
0,7625;0,7875;100,595;80,3471
0,775;0,8;95,7683;88,1477
0,7875;0,8125;98,0499;96,9035
0,8;0,825;121,35;117,307
0,8125;0,8375;289,232;352,983
0,825;0,85;370,863;468,264
0,8375;0,8625;386,728;378,171
0,85;0,875;389,025;275,369
0,8625;0,8875;327,155;263,087
0,875;0,9;272,943;218,437
0,8875;0,9125;256,294;183,763
0,9;0,925;215,198;165,22
0,9125;0,9375;163,949;121,63
0,925;0,95;146,966;123,027
0,9375;0,9625;113,719;130,007
0,95;0,975;91,0919;113,695
0,9625;0,9875;79,1323;83,1955
0,975;1;97,4811;85,955
0,9875;1,0125;105,529;90,2157
1;1,025;101,281;85,9696
1,0125;1,0375;97,8912;91,6124
1,025;1,05;89,1604;86,3767
1,0375;1,0625;5272,46;9661,04
1,05;1,075;29698,2;44814,7
1,0625;1,0875;29913,6;44180,8
1,075;1,1;9705,42;8122,35
1,0875;1,1125;9776,83;7154,33
1,1;1,125;8142,02;6040,94
1,1125;1,1375;6303,02;4877,16
1,125;1,15;5173,06;4091,97
1,1375;1,1625;4344,56;3496,91
1,15;1,175;3209,83;2978,09
1,1625;1,1875;2400,13;2501,87
1,175;1,2;2284,68;1954,9
1,1875;1,2125;1864,94;1607,69
1,2;1,225;1653,84;1288,03
1,2125;1,2375;1490,28;1128,23
1,225;1,25;1104,29;1024,92
1,2375;1,2625;946,947;826,179
1,25;1,275;849,166;743,431
1,2625;1,2875;687,775;613,396
1,275;1,3;605,907;511,969
1,2875;1,3125;512,604;486,647
1,3;1,325;442,638;390,592
1,3125;1,3375;368,974;291,49
1,325;1,35;287,477;263,203
1,3375;1,3625;262,928;235,486
1,35;1,375;242,043;196,769
1,3625;1,3875;207,519;180,351
1,375;1,4;192,885;185,321
1,3875;1,4125;188,692;158,841
1,4;1,425;147,671;122,428
1,4125;1,4375;120,589;107,537
1,425;1,45;110,968;90,4287
1,4375;1,4625;106,271;87,5676
1,45;1,475;90,7597;83,8248
1,4625;1,4875;80,2039;77,7126
1,475;1,5;37045,9;53182,9
1,4875;1,5125;38557,8;53887,7
1,5;1,525;12862,8;10313,8
1,5125;1,5375;10571,3;7697,2
1,525;1,55;9386,13;6720,11
1,5375;1,5625;6512,19;5475,81
1,55;1,575;5327,74;5118,05
1,5625;1,5875;4626,67;4103,37
1,575;1,6;3642,08;2897,55
1,5875;1,6125;2828,63;2743
1,6;1,625;2402,48;2351,29
1,6125;1,6375;2180,51;2067,01
1,625;1,65;1691,98;1559,13
1,6375;1,6625;1464,55;1238,65
1,65;1,675;1284,8;1185,62
1,6625;1,6875;1055,87;961,675
1,675;1,7;898,987;753,34
1,6875;1,7125;776,807;690,96
1,7;1,725;583,298;631,095
1,7125;1,7375;519,2;533,307
1,725;1,75;464,407;391,151
1,7375;1,7625;390,004;337,985
1,75;1,775;324,671;319,345
1,7625;1,7875;289,87;272,312
1,775;1,8;272,163;226,464
1,7875;1,8125;240,316;201,122
1,8;1,825;204,971;181,131
1,8125;1,8375;170,884;147,567
1,825;1,85;159,676;133,111
1,8375;1,8625;146,974;110,875
1,85;1,875;110,58;96,0345
1,8625;1,8875;107,164;95,3239
1,875;1,9;111,137;96,76
1,8875;1,9125;97,4489;85,059
1,9;1,925;90,6383;70,5284
1,9125;1,9375;85,0502;69,8076
1,925;1,95;77,3633;70,0689
1,9375;1,9625;73,4017;71,6108
1,95;1,975;72,0699;67,8172
1,9625;1,9875;66,5831;61,0522
1,975;2;62,8418;68,0892
1,9875;2,0125;68,0299;70,4573
2;2,025;75,6488;75,6568
2,0125;2,0375;81,0945;78,672
2,025;2,05;3822,97;11659,7
2,0375;2,0625;39249,8;72773,5
2,05;2,075;40743,5;72532,8
2,0625;2,0875;16465,7;14551,5
2,075;2,1;13929,8;13618,4
2,0875;2,1125;9868,75;11622,8
2,1;2,125;8408,57;9985,31
2,1125;2,1375;7916,82;8091,17
2,125;2,15;6871,23;6157,25
2,1375;2,1625;5014,94;5657,89
2,15;2,175;4178,94;5363,64
2,1625;2,1875;3349,94;4175,2
2,175;2,2;2821,52;3925,15
2,1875;2,2125;2567,01;3233,68
2,2;2,225;2356,26;2384,82
2,2125;2,2375;2177,94;1933,9
2,225;2,25;1709,78;1775,1
2,2375;2,2625;1348,41;1424,33
2,25;2,275;1074,22;1316,3
2,2625;2,2875;873,807;1191,66
2,275;2,3;844,622;992,649
2,2875;2,3125;739,586;824,633
2,3;2,325;577,033;722,421
2,3125;2,3375;484,15;585,683
2,325;2,35;399,684;423,643
2,3375;2,3625;314,138;389,186
2,35;2,375;279,646;398,552
2,3625;2,3875;250,453;342,566
2,375;2,4;221,92;294,722
2,3875;2,4125;207,508;259,662
2,4;2,425;174,376;212,982
2,4125;2,4375;144,794;180,985
2,425;2,45;137,833;143,396
2,4375;2,4625;106,499;139,409
2,45;2,475;95,8058;128,973
2,4625;2,4875;97,063;116,274
2,475;2,5;85,6304;102,181
2,4875;2,5125;77,7796;86,4138
2,5;2,525;76,4163;89,4336
2,5125;2,5375;73,754;86,1326
2,525;2,55;75,4208;68,0201
2,5375;2,5625;75,1791;76,6142
2,55;2,575;67,5638;78,1688
2,5625;2,5875;70,159;71,8943
2,575;2,6;67,3453;68,6886
2,5875;2,6125;60,2566;68,3118
2,6;2,625;62,9883;75,9447
2,6125;2,6375;68,4828;79,5668
2,625;2,65;72,9792;76,6577
2,6375;2,6625;107,941;79,5616
2,65;2,675;9573,45;8398,21
2,6625;2,6875;9707,78;8584,3
2,675;2,7;2186,02;2210,24
2,6875;2,7125;1918,07;1830,3
2,7;2,725;1546,88;1638,64
2,7125;2,7375;1294,77;1271,88
2,725;2,75;1081,69;999,07
2,7375;2,7625;857,814;925,411
2,75;2,775;756,092;840,074
2,7625;2,7875;645,194;723,203
2,775;2,8;608,759;620,289
2,7875;2,8125;512,977;485,084
2,8;2,825;402,32;392,081
2,8125;2,8375;404,526;341,986
2,825;2,85;378,382;320,588
2,8375;2,8625;340,59;310,708
2,85;2,875;296,35;278,79
2,8625;2,8875;214,298;253,599
2,875;2,9;212,995;231,865
2,8875;2,9125;203,745;202,07
2,9;2,925;158,037;184,762
2,9125;2,9375;141,288;173,968
2,925;2,95;134,408;169,486
2,9375;2,9625;124,286;157,885
2,95;2,975;112,17;138,19
2,9625;2,9875;100,887;126,42
2,975;3;98,8965;113,387
2,9875;3,0125;98,6081;97,8878
3;3,025;91,5056;92,0346
3,0125;3,0375;85,0156;93,2768
3,025;3,05;84,2217;84,1096
3,0375;3,0625;82,1245;82,3639
3,05;3,075;79,1396;84,2576
3,0625;3,0875;69,3708;76,4682
3,075;3,1;74,0331;69,4622
3,0875;3,1125;76,484;70,1518
3,1;3,125;79,1448;79,6913
3,1125;3,1375;82,7046;75,3999
3,125;3,15;71,3218;78,6991
3,1375;3,1625;76,489;84,6449
3,15;3,175;79,7374;84,0124
3,1625;3,1875;74,0824;78,7171
3,175;3,2;69,0667;75,6689
3,1875;3,2125;78,1631;86,6071
3,2;3,225;71,3345;89,7789
3,2125;3,2375;70,8366;85,3603
3,225;3,25;8712,18;3184,83
3,2375;3,2625;97850,8;43402
3,25;3,275;97739,3;44151,4
3,2625;3,2875;11046,6;12370,2
3,275;3,3;10188,9;10489,4
3,2875;3,3125;7960,58;7829,22
3,3;3,325;6599,73;6602,55
3,3125;3,3375;5062,51;4920,86
3,325;3,35;4100,07;4677,44
3,3375;3,3625;3486,73;4336,87
3,35;3,375;3131,74;3397,46
3,3625;3,3875;2986,7;3003,45
3,375;3,4;2444,77;2355,38
3,3875;3,4125;1758,32;1899,95
3,4;3,425;1456,54;1599,04
3,4125;3,4375;1344,39;1348,54
3,425;3,45;1109,85;1251,37
3,4375;3,4625;867,522;1069,54
3,45;3,475;725,499;879,347
3,4625;3,4875;649,954;753,82
3,475;3,5;584,763;645,696
3,4875;3,5125;441,016;547,549
3,5;3,525;389,218;497,779
3,5125;3,5375;346,937;387,397
3,525;3,55;338,494;340,654
3,5375;3,5625;254,918;314,177
3,55;3,575;207,578;252,646
3,5625;3,5875;188,795;216,93
3,575;3,6;167,193;200,544
3,5875;3,6125;134,589;150,842
3,6;3,625;117,896;115,388
3,6125;3,6375;115,533;119,631
3,625;3,65;96,9213;103,74
3,6375;3,6625;86,8713;91,2941
3,65;3,675;101,847;95,3839
3,6625;3,6875;97,1397;88,484
3,675;3,7;80,2853;82,2603
3,6875;3,7125;84,3793;80,032
3,7;3,725;80,3801;72,6712
3,7125;3,7375;70,2744;64,6387
3,725;3,75;73,3919;67,286
3,7375;3,7625;71,228;70,3969
3,75;3,775;72,1752;71,9373
3,7625;3,7875;66,8581;62,1553
3,775;3,8;62,9073;64,4973
3,7875;3,8125;68,2605;69,3271
3,8;3,825;71,1593;63,959
3,8125;3,8375;71,1849;72,6291
3,825;3,85;61,1299;75,5721
3,8375;3,8625;53,7008;69,2369
3,85;3,875;63,4935;68,224
3,8625;3,8875;74,664;80,4883
3,875;3,9;72,5586;90,666
3,8875;3,9125;64,4198;86,8768
3,9;3,925;93179,7;36574,6
3,9125;3,9375;93573,2;37537,8
3,925;3,95;10678,9;10217,2
3,9375;3,9625;8288,24;10041,7
3,95;3,975;7586,53;10090,6
3,9625;3,9875;7150,86;7845,93
3,975;4;5740,6;6165,86
3,9875;4,0125;4393,83;4263,29
4;4,025;3560,6;4008,42
4,0125;4,0375;2889,41;3771,4
4,025;4,05;2782,03;3058,45
4,0375;4,0625;2504,52;2363,64
4,05;4,075;1849,21;1977,72
4,0625;4,0875;1390,72;1633,36
4,075;4,1;1231,38;1296,01
4,0875;4,1125;1076,15;1132,42
4,1;4,125;841,344;968,817
4,1125;4,1375;746,462;853,478
4,125;4,15;659,298;700,19
4,1375;4,1625;540,509;591,917
4,15;4,175;439,052;524,278
4,1625;4,1875;346,672;494,056
4,175;4,2;334,062;389,984
4,1875;4,2125;309,953;301,859
4,2;4,225;252,23;275,69
4,2125;4,2375;205,131;264,885
4,225;4,25;171,189;239,687
4,2375;4,2625;161,02;219,218
4,25;4,275;151,259;189,062
4,2625;4,2875;140,192;167,667
4,275;4,3;136,123;155,459
4,2875;4,3125;141,749;157,961
4,3;4,325;135,129;165,353
4,3125;4,3375;113,075;139,029
4,325;4,35;97,6138;114,533
4,3375;4,3625;85,6199;119,51
4,35;4,375;84,6738;115,508
4,3625;4,3875;87,7586;109,848
4,375;4,4;86,6836;103,661
4,3875;4,4125;78,0146;101,61
4,4;4,425;102,662;108,803
4,4125;4,4375;120,42;97,5753
4,425;4,45;103,181;96,6156
4,4375;4,4625;87,5893;112,273
4,45;4,475;88,5812;107,964
4,4625;4,4875;84,8717;98,6819
4,475;4,5;84,0986;90,4798
4,4875;4,5125;88,9988;75,9229
4,5;4,525;78,8085;72,9587
4,5125;4,5375;74,2995;72,6412
4,525;4,55;79,0571;80,8938
4,5375;4,5625;77,1277;88,4761
4,55;4,575;19579,6;29014,4
4,5625;4,5875;20682,3;30371,7
4,575;4,6;8283,08;9930,01
4,5875;4,6125;6627,16;6945,07
4,6;4,625;5694,75;6816,79
4,6125;4,6375;4198,34;5101,95
4,625;4,65;3035,85;4222,36
4,6375;4,6625;2908,71;3579,28
4,65;4,675;2478,15;2853,7
4,6625;4,6875;1842,42;2344,62
4,675;4,7;1551,4;2019,18
4,6875;4,7125;1491,32;1741,11
4,7;4,725;1391,81;1414,53
4,7125;4,7375;1112,76;1213,24
4,725;4,75;916,406;974,294
4,7375;4,7625;774,887;882,751
4,75;4,775;666,06;811,625
4,7625;4,7875;539,533;631,824
4,775;4,8;525,483;499,533
4,7875;4,8125;455,449;439,823
4,8;4,825;355,714;377,003
4,8125;4,8375;323,155;327,644
4,825;4,85;249,047;248,032
4,8375;4,8625;206,512;237,786
4,85;4,875;183,574;248,317
4,8625;4,8875;173,154;211,231
4,875;4,9;156,962;173,887
4,8875;4,9125;146,287;145,994
4,9;4,925;130,762;133,498
4,9125;4,9375;124,76;135,241
4,925;4,95;117,914;122,582
4,9375;4,9625;97,8707;106,756
4,95;4,975;94,3263;109,07
4,9625;4,9875;94,5399;112,866
4,975;5;92,2866;106,088
4,9875;5,0125;89,6108;96,426
5;5,025;80,4638;102,005
5,0125;5,0375;85,136;103,058
5,025;5,05;91,4048;101,378
5,0375;5,0625;82,0393;107,362
5,05;5,075;79,1041;108,506
5,0625;5,0875;88,4024;114,187
5,075;5,1;97,7387;118,446
5,0875;5,1125;103,335;116,165
5,1;5,125;115,455;129,282
5,1125;5,1375;124,891;143,675
5,125;5,15;114,125;144,03
5,1375;5,1625;5935,36;6373,28
5,15;5,175;6235,73;6645,43
5,1625;5,1875;2563,32;2349,84
5,175;5,2;2159,06;1853,95
5,1875;5,2125;1636,1;1633,6
5,2;5,225;1332,85;1397,68
5,2125;5,2375;1213,47;1161,68
5,225;5,25;1036,23;963,187
5,2375;5,2625;842,085;807,599
5,25;5,275;664,013;701,473
5,2625;5,2875;537,673;502,659
5,275;5,3;432,538;404,365
5,2875;5,3125;407,586;403,527
5,3;5,325;373,101;381,58
5,3125;5,3375;333,272;328,929
5,325;5,35;309,284;272,053
5,3375;5,3625;257,689;225,82
5,35;5,375;219,25;193,111
5,3625;5,3875;179,503;166,393
5,375;5,4;152,413;133,849
5,3875;5,4125;154,32;128,915
5,4;5,425;141,061;127,155
5,4125;5,4375;128,125;112,338
5,425;5,45;124,395;101,294
5,4375;5,4625;115,998;96,2739
5,45;5,475;112,141;95,6767
5,4625;5,4875;111,925;104,377
5,475;5,5;105,158;113,886
5,4875;5,5125;108,992;110,991
5,5;5,525;105,263;99,2719
5,5125;5,5375;103,697;86,6312
5,525;5,55;108,263;101,375
5,5375;5,5625;120,982;114,134
5,55;5,575;113,82;106,556
5,5625;5,5875;96,1436;104,885
5,575;5,6;104,161;107,488
5,5875;5,6125;101,418;100,79
5,6;5,625;90,2345;85,2487
5,6125;5,6375;85,3177;80,4108
5,625;5,65;89,6675;81,2157
5,6375;5,6625;100,039;83,019
5,65;5,675;95,4937;79,5284
5,6625;5,6875;87,5512;75,5621
5,675;5,7;92,1962;78,8038
5,6875;5,7125;94,1776;73,717
5,7;5,725;84,6314;77,0213
5,7125;5,7375;71,002;78,8082
5,725;5,75;22267,1;18397
5,7375;5,7625;23417,2;19416,9
5,75;5,775;8646,84;6937,66
5,7625;5,7875;6639,5;4353,31
5,775;5,8;5626,34;3779,28
5,7875;5,8125;4344,71;3080,52
5,8;5,825;3724,51;2851,55
5,8125;5,8375;3030,84;2324,11
5,825;5,85;2642,33;1851,2
5,8375;5,8625;2114,94;1585,41
5,85;5,875;1795,41;1291,55
5,8625;5,8875;1481,27;1224,66
5,875;5,9;1306,75;1106,44
5,8875;5,9125;1221,39;863,779
5,9;5,925;1075,62;753,746
5,9125;5,9375;884,167;665,73
5,925;5,95;652,643;511,581
5,9375;5,9625;595,385;374,39
5,95;5,975;512,116;340,796
5,9625;5,9875;379,198;299,404
5,975;6;544,93;243,764
5,9875;6,0125;910,745;208,021
6;6,025;1346,89;173,768
6,0125;6,0375;1275,94;143,942
6,025;6,05;678,335;152,895
6,0375;6,0625;345,623;148,892
6,05;6,075;831,439;118,259
6,0625;6,0875;802,371;101,745
6,075;6,1;271,651;96,6159
6,0875;6,1125;229,099;102,302
6,1;6,125;183,348;104,67
6,1125;6,1375;243,583;99,7543
6,125;6,15;205,607;96,3149
6,1375;6,1625;100,79;88,4745
6,15;6,175;95,6411;78,5118
6,1625;6,1875;98,2983;80,3727
6,175;6,2;92,8029;91,4294
6,1875;6,2125;82,3959;81,6754
6,2;6,225;77,8851;69,0347
6,2125;6,2375;90,1512;81,2357
6,225;6,25;100,881;76,6037
6,2375;6,2625;89,6555;70,0028
6,25;6,275;78,8799;70,0075
6,2625;6,2875;78,9227;69,3424
6,275;6,3;79,4017;75,0908
6,2875;6,3125;77,8273;69,1692
6,3;6,325;78,6543;63,9363
6,3125;6,3375;88,875;67,5393
6,325;6,35;88,9497;72,661
6,3375;6,3625;86,8201;75,2575
6,35;6,375;13602,3;19573,1
6,3625;6,3875;15884,9;20385,7
6,375;6,4;8819,5;6043,2
6,3875;6,4125;4815,88;3274,29
6,4;6,425;4139,26;3318,38
6,4125;6,4375;2810,29;2616,29
6,425;6,45;2508,74;2173,94
6,4375;6,4625;2341,66;1875,53
6,45;6,475;2110,28;1677,99
6,4625;6,4875;1625,39;1637,34
6,475;6,5;1233,07;1287,63
6,4875;6,5125;1140,05;940,365
6,5;6,525;1021,67;796,853
6,5125;6,5375;857,632;669,527
6,525;6,55;707,07;595,853
6,5375;6,5625;525,399;501,843
6,55;6,575;490,554;394,112
6,5625;6,5875;453,195;350,858
6,575;6,6;352,44;361,17
6,5875;6,6125;289,49;286,641
6,6;6,625;276,089;187,397
6,6125;6,6375;245,298;180,153
6,625;6,65;196,121;162,177
6,6375;6,6625;181,639;138,22
6,65;6,675;152,932;121,12
6,6625;6,6875;152,989;120,638
6,675;6,7;139,576;118,427
6,6875;6,7125;108,066;99,6092
6,7;6,725;111,151;93,7242
6,7125;6,7375;107,05;94,209
6,725;6,75;102,669;100,535
6,7375;6,7625;100,576;97,2942
6,75;6,775;96,7346;86,7164
6,7625;6,7875;101,471;84,527
6,775;6,8;96,6215;89,343
6,7875;6,8125;106,819;97,7248
6,8;6,825;112,384;94,7636
6,8125;6,8375;106,207;88,8515
6,825;6,85;113,523;83,183
6,8375;6,8625;102,993;83,4569
6,85;6,875;424,45;84,2658
6,8625;6,8875;562,464;76,4371
6,875;6,9;451,056;75,0629
6,8875;6,9125;288,73;78,2257
6,9;6,925;196,824;75,6717
6,9125;6,9375;199,754;76,2391
6,925;6,95;180,017;77,234
6,9375;6,9625;143,724;80,0153
6,95;6,975;194,594;82,6457
6,9625;6,9875;217,09;80,0973
6,975;7;177,714;78,3167
6,9875;7,0125;153,5;85,5413
7;7,025;136,604;89,6078
7,0125;7,0375;176,966;80,805
7,025;7,05;39917,5;40308,6
7,0375;7,0625;43084,1;42439,7
7,05;7,075;18390,1;14743,8
7,0625;7,0875;11114,7;8775,62
7,075;7,1;8971,47;7405,54
7,0875;7,1125;7160,91;6200,62
7,1;7,125;5838,36;5852,87
7,1125;7,1375;5185,58;4593,92
7,125;7,15;4329,9;3082,07
7,1375;7,1625;3646,81;2376,78
7,15;7,175;3148,77;2084,88
7,1625;7,1875;2559,19;1959,39
7,175;7,2;2239,95;1791,08
7,1875;7,2125;1887,83;1422,5
7,2;7,225;1509,88;1297,82
7,2125;7,2375;1121,39;1080,54
7,225;7,25;951,554;780,237
7,2375;7,2625;930,666;703,655
7,25;7,275;801,095;711,341
7,2625;7,2875;588,494;604,457
7,275;7,3;521,391;480,447
7,2875;7,3125;439,112;407,153
7,3;7,325;406,339;323,007
7,3125;7,3375;377,323;299,282
7,325;7,35;308,405;262,937
7,3375;7,3625;247,771;201,544
7,35;7,375;230,638;167,425
7,3625;7,3875;192,155;157,994
7,375;7,4;173,74;140,098
7,3875;7,4125;156,305;113,508
7,4;7,425;131,631;108,682
7,4125;7,4375;118,359;102,296
7,425;7,45;113,388;96,9847
7,4375;7,4625;105,197;94,4127
7,45;7,475;101,656;84,7977
7,4625;7,4875;96,0047;84,8721
7,475;7,5;90,4212;81,3837
7,4875;7,5125;90,5438;86,1783
7,5;7,525;77,5328;84,081
7,5125;7,5375;81,8021;77,7406
7,525;7,55;88,6451;83,6913
7,5375;7,5625;91,9717;85,8775
7,55;7,575;91,8723;83,592
7,5625;7,5875;85,179;86,1638
7,575;7,6;94,8923;92,9111
7,5875;7,6125;91,7202;85,159
7,6;7,625;86,8018;83,3007
7,6125;7,6375;106,028;97,3581
7,625;7,65;112,874;102,476
7,6375;7,6625;109,518;105,123
7,65;7,675;117,033;107,852
7,6625;7,6875;111,415;108,643
7,675;7,7;4722,69;5886,43
7,6875;7,7125;6196,96;6680,15
7,7;7,725;4295,94;3635,56
7,7125;7,7375;2307,77;2244,64
7,725;7,75;2074,9;1780,05
7,7375;7,7625;1605,19;1469,24
7,75;7,775;1438,39;1234,18
7,7625;7,7875;1153,76;1047,57
7,775;7,8;861,604;843,982
7,7875;7,8125;685,606;811,534
7,8;7,825;622,876;698,351
7,8125;7,8375;498,595;566,202
7,825;7,85;424,654;479,432
7,8375;7,8625;379,826;392,314
7,85;7,875;306,293;322,466
7,8625;7,8875;277,001;277,752
7,875;7,9;262,766;267,806
7,8875;7,9125;232,39;230,328
7,9;7,925;207,376;190,216
7,9125;7,9375;174,535;169,042
7,925;7,95;177,757;162,415
7,9375;7,9625;160,349;151,818
7,95;7,975;148,247;162,602
7,9625;7,9875;157,429;170,184
7,975;8;140,083;159,211
7,9875;8,0125;126,189;143,918
8;8,025;135,979;136,745
8,0125;8,0375;125,983;134,835
8,025;8,05;111,897;141,762
8,0375;8,0625;117,31;152,142
8,05;8,075;122,843;155,519
8,0625;8,0875;126,013;154,787
8,075;8,1;143,232;157,627
8,0875;8,1125;135,684;145,608
8,1;8,125;105,641;126,217
8,1125;8,1375;106,805;132,703
8,125;8,15;108,5;137,772
8,1375;8,1625;103,233;134,06
8,15;8,175;111,818;135,807
8,1625;8,1875;119,457;125,601
8,175;8,2;111,207;118,691
8,1875;8,2125;101,04;119,952
8,2;8,225;97,3527;103,664
8,2125;8,2375;22436,5;20022,9
8,225;8,25;22898,5;20541,8
8,2375;8,2625;6017,89;5301,86
8,25;8,275;5094,24;3854,86
8,2625;8,2875;4179,64;3663,04
8,275;8,3;3518,34;3002,89
8,2875;8,3125;2955,68;2594,04
8,3;8,325;2283,93;2365,62
8,3125;8,3375;1932,61;1846,46
8,325;8,35;1631,67;1471,26
8,3375;8,3625;1397,09;1297,55
8,35;8,375;1152,96;1078,77
8,3625;8,3875;829,294;921,012
8,375;8,4;803,027;772,051
8,3875;8,4125;734,617;653,253
8,4;8,425;599,579;547,666
8,4125;8,4375;487,376;515,641
8,425;8,45;386,22;428,733
8,4375;8,4625;349,365;355,865
8,45;8,475;320,923;343,488
8,4625;8,4875;272,213;234,729
8,475;8,5;216,756;185,611
8,4875;8,5125;203,626;178,031
8,5;8,525;184,076;167,58
8,5125;8,5375;171,443;147,466
8,525;8,55;158,536;123,789
8,5375;8,5625;129,21;124,038
8,55;8,575;116,041;119,717
8,5625;8,5875;114,109;102,556
8,575;8,6;102,057;96,3611
8,5875;8,6125;93,6051;87,3057
8,6;8,625;96,6234;88,2627
8,6125;8,6375;98,2551;83,8101
8,625;8,65;93,1271;75,0215
8,6375;8,6625;76,5604;72,0264
8,65;8,675;71,2686;75,0436
8,6625;8,6875;70,3189;75,9411
8,675;8,7;78,6093;72,5668
8,6875;8,7125;85,3063;66,217
8,7;8,725;73,0057;66,0959
8,7125;8,7375;66,7656;69,8611
8,725;8,75;71,3241;65,295
8,7375;8,7625;4815,63;6995,89
8,75;8,775;27348,8;29009,7
8,7625;8,7875;27322;28407,2
8,775;8,8;6411,81;5161,1
8,7875;8,8125;5310,8;4498,56
8,8;8,825;4398,78;3819,24
8,8125;8,8375;3947,36;3377,98
8,825;8,85;3207,37;2811,89
8,8375;8,8625;2666,52;2361,23
8,85;8,875;1924,92;2028,96
8,8625;8,8875;1909,22;1621,08
8,875;8,9;1600,85;1295,16
8,8875;8,9125;1131,49;1156,2
8,9;8,925;936,663;962,092
8,9125;8,9375;902,559;806,143
8,925;8,95;814,547;692,604
8,9375;8,9625;613,269;505,051
8,95;8,975;551,624;526,824
8,9625;8,9875;473,367;538,679
8,975;9;409,69;405,129
8,9875;9,0125;358,239;290,645
9;9,025;305,189;255,393
9,0125;9,0375;235,857;198,937
9,025;9,05;202,573;181,324
9,0375;9,0625;181,967;161,363
9,05;9,075;189,257;129,647
9,0625;9,0875;159,8;133,467
9,075;9,1;116,81;127,283
9,0875;9,1125;111,509;112,845
9,1;9,125;110,581;107,1
9,1125;9,1375;91,2808;92,1426
9,125;9,15;84,2299;89,6359
9,1375;9,1625;85,7852;92,191
9,15;9,175;80,3155;84,4566
9,1625;9,1875;86,5131;89,9747
9,175;9,2;92,3495;87,9047
9,1875;9,2125;82,3501;82,4044
9,2;9,225;78,4026;93,4365
9,2125;9,2375;80,1174;96,399
9,225;9,25;82,8326;107,998
9,2375;9,2625;84,4316;103,38
9,25;9,275;80,897;83,8381
9,2625;9,2875;94,0858;89,1553
9,275;9,3;118,997;98,1079
9,2875;9,3125;109,913;97,9434
9,3;9,325;18787,6;15753,2
9,3125;9,3375;19752,6;16657,4
9,325;9,35;6981,92;5855,58
9,3375;9,3625;4397,81;3214,01
9,35;9,375;3430,15;3184,94
9,3625;9,3875;2892,79;2769,84
9,375;9,4;2475,09;2272,45
9,3875;9,4125;1872,84;1938,67
9,4;9,425;1612,33;1477,47
9,4125;9,4375;1389,22;1185,5
9,425;9,45;1248,87;1015,97
9,4375;9,4625;884,123;764,288
9,45;9,475;721,564;734,305
9,4625;9,4875;637,103;636,342
9,475;9,5;627,61;533,591
9,4875;9,5125;530,556;507,775
9,5;9,525;407,389;414,807
9,5125;9,5375;352,692;364,462
9,525;9,55;298,729;335,347
9,5375;9,5625;279,21;292,458
9,55;9,575;273,403;210,236
9,5625;9,5875;198,794;175,645
9,575;9,6;154,362;143,353
9,5875;9,6125;144,594;141,592
9,6;9,625;114,23;125,796
9,6125;9,6375;125,26;106,987
9,625;9,65;115,025;103,075
9,6375;9,6625;86,0254;99,9754
9,65;9,675;81,3314;89,7203
9,6625;9,6875;82,8496;78,427
9,675;9,7;84,8203;87,5122
9,6875;9,7125;77,9089;84,1148
9,7;9,725;75,6267;80,6945
9,7125;9,7375;74,7468;77,3318
9,725;9,75;84,2739;69,9003
9,7375;9,7625;84,4648;71,9373
9,75;9,775;72,1859;69,835
9,7625;9,7875;66,2037;68,5137
9,775;9,8;68,6979;72,9703
9,7875;9,8125;79,389;62,2276
9,8;9,825;76,4006;58,0845
9,8125;9,8375;75,3585;61,3548
9,825;9,85;73,188;54,539
9,8375;9,8625;64,2871;52,3966
9,85;9,875;61,2598;64,9296
9,8625;9,8875;63,7888;74,1535
9,875;9,9;66,7698;72,1536
9,8875;9,9125;64,2453;67,3567
9,9;9,925;68,2418;60,7643
9,9125;9,9375;74,7292;56,182
9,925;9,95;72,2181;61,0836
9,9375;9,9625;67,4491;63,2826
9,95;9,975;60,9213;76,0286
9,9625;9,9875;68,8999;72,2089
9,975;10;71,739;61,881
9,9875;10,0125;70,0622;62,7468
10;10,025;70,2116;53,386
10,0125;10,0375;61,3262;57,0896
10,025;10,05;65,3973;67,845
10,0375;10,0625;73,398;72,3544
10,05;10,075;78,1788;83,3107
10,0625;10,0875;79,7306;95,4926
10,075;10,1;85,3022;99,0083
10,0875;10,1125;87,3968;106,167
10,1;10,125;92,087;115,397
10,1125;10,1375;102,469;117,851
10,125;10,15;103,231;123,326
10,1375;10,1625;100,696;137,104
10,15;10,175;104,388;150,211
10,1625;10,1875;112,904;167,091
10,175;10,2;112,941;159,033
10,1875;10,2125;111,014;151,96
10,2;10,225;112,772;168,049
10,2125;10,2375;123,296;183,702
10,225;10,25;125,625;190,718
10,2375;10,2625;125,173;183,026
10,25;10,275;138,468;199,738
10,2625;10,2875;136,675;216,684
10,275;10,3;140,795;226,393
10,2875;10,3125;157,908;223,867
10,3;10,325;146,367;228,512
10,3125;10,3375;141,538;227,319
10,325;10,35;146,66;200,892
10,3375;10,3625;134,592;203,151
10,35;10,375;134,411;208,328
10,3625;10,3875;158,832;240,714
10,375;10,4;161,967;238,295
10,3875;10,4125;140,653;188,942
10,4;10,425;137,252;178,344
10,4125;10,4375;134,893;201,03
10,425;10,45;122,464;207,982
10,4375;10,4625;124,385;185,128
10,45;10,475;131,819;176,511
10,4625;10,4875;128,28;184,892
10,475;10,5;120,707;193,92
10,4875;10,5125;107,637;173,217
10,5;10,525;98,4314;144,872
10,5125;10,5375;107,054;161,035
10,525;10,55;98,396;144,241
10,5375;10,5625;76,7313;102,602
10,55;10,575;81,0523;104,096
10,5625;10,5875;74,466;90,8485
10,575;10,6;67,1468;81,4853
10,5875;10,6125;74,0379;82,8167
10,6;10,625;75,9648;82,531
10,6125;10,6375;71,0777;80,4635
10,625;10,65;76,9215;76,4827
10,6375;10,6625;88,3573;80,4256
10,65;10,675;86,6855;97,4168
10,6625;10,6875;84,1414;105,885
10,675;10,7;92,2764;108,01
10,6875;10,7125;94,6645;117,929
10,7;10,725;90,8698;142,371
10,7125;10,7375;97,5967;158,054
10,725;10,75;98,5035;143,62
10,7375;10,7625;96,4305;126,043
10,75;10,775;131,876;149,639
10,7625;10,7875;152,478;163,288
10,775;10,8;139,53;155,913
10,7875;10,8125;116,865;135,959
10,8;10,825;103,965;124,898
10,8125;10,8375;122,286;137,303
10,825;10,85;121,172;117,413
10,8375;10,8625;93,8428;90,8394
10,85;10,875;92,8294;89,9028
10,8625;10,8875;95,5764;95,6289
10,875;10,9;95,6769;92,9118
10,8875;10,9125;13301,2;6204,26
10,9;10,925;17213,2;10687,1
10,9125;10,9375;11233,7;8997,79
10,925;10,95;3325,93;3413,21
10,9375;10,9625;2837,61;3019,4
10,95;10,975;2395,22;2305,58
10,9625;10,9875;1796,59;2040,02
10,975;11;1421,9;1660,5
10,9875;11,0125;1243,35;1395,36
11;11,025;1137,33;1118,23
11,0125;11,0375;923,017;921,942
11,025;11,05;821,48;731,213
11,0375;11,0625;651,593;615,895
11,05;11,075;530,005;561,485
11,0625;11,0875;476,805;476,534
11,075;11,1;367,611;381,854
11,0875;11,1125;314,843;304,239
11,1;11,125;272,398;286,515
11,1125;11,1375;254,463;266,574
11,125;11,15;233,9;227,132
11,1375;11,1625;191,172;179,203
11,15;11,175;176,231;153,023
11,1625;11,1875;162,556;152,169
11,175;11,2;139,897;137,596
11,1875;11,2125;140,216;135,416
11,2;11,225;130,634;130,549
11,2125;11,2375;113,262;116,674
11,225;11,25;110,421;105,93
11,2375;11,2625;109,034;105,892
11,25;11,275;113,079;125,35
11,2625;11,2875;108,048;117,579
11,275;11,3;106,992;98,4284
11,2875;11,3125;113,841;99,3001
11,3;11,325;111,199;104,199
11,3125;11,3375;106,998;103,416
11,325;11,35;100,559;92,2247
11,3375;11,3625;96,114;89,5647
11,35;11,375;94,5858;94,044
11,3625;11,3875;88,3617;100,626
11,375;11,4;85,7652;93,6174
11,3875;11,4125;91,0425;101,93
11,4;11,425;94,29;102,784
11,4125;11,4375;97,4231;96,7182
11,425;11,45;37543,8;12421,6
11,4375;11,4625;67703,1;31789,7
11,45;11,475;56651;29707,9
11,4625;11,4875;7694;7884,07
11,475;11,5;5974,54;7548,4
11,4875;11,5125;5004,9;5716,33
11,5;11,525;4627,86;4202,24
11,5125;11,5375;3463,36;3337,9
11,525;11,55;2680,11;2872,08
11,5375;11,5625;2170,64;2478,06
11,55;11,575;1970,43;2149,93
11,5625;11,5875;1897,73;1784,1
11,575;11,6;1388,7;1594,45
11,5875;11,6125;1249,86;1287,93
11,6;11,625;1151,69;1069,58
11,6125;11,6375;902,458;884,838
11,625;11,65;790,986;677,392
11,6375;11,6625;627,445;570,217
11,65;11,675;490,527;575,083
11,6625;11,6875;524,124;522,529
11,675;11,7;438,656;418,902
11,6875;11,7125;334,319;349,046
11,7;11,725;321,872;253,437
11,7125;11,7375;236,011;226,77
11,725;11,75;203,075;228,126
11,7375;11,7625;181,221;201,693
11,75;11,775;139,536;163,75
11,7625;11,7875;128,477;144,771
11,775;11,8;139,302;126,731
11,7875;11,8125;129,065;114,636
11,8;11,825;107,283;96,4576
11,8125;11,8375;101,107;101,495
11,825;11,85;99,8143;105,414
11,8375;11,8625;94,5081;96,7669
11,85;11,875;92,1948;98,2686
11,8625;11,8875;93,4958;97,4284
11,875;11,9;100,582;97,2409
11,8875;11,9125;109,852;93,8086
11,9;11,925;110,692;87,6973
11,9125;11,9375;118,518;117,04
11,925;11,95;130,774;134,132
11,9375;11,9625;127,535;151,432
11,95;11,975;134,574;170,158
11,9625;11,9875;151,81;165,253
11,975;12;135,542;146,584
11,9875;12,0125;165,291;194,156
12;12,025;213,268;251,628
12,0125;12,0375;228,034;215,603
12,025;12,05;242,588;150,179
12,0375;12,0625;228,035;144,753
12,05;12,075;207,363;204,429
12,0625;12,0875;201,245;203,365
12,075;12,1;195,341;178,902
12,0875;12,1125;245,003;219,204
12,1;12,125;8462,5;11484,9
12,1125;12,1375;8774,55;11619,6
12,125;12,15;2455,1;1976,38
12,1375;12,1625;1318,01;1492,78
12,15;12,175;1377,08;1479,37
12,1625;12,1875;1124,59;1133,64
12,175;12,2;899,996;945,682
12,1875;12,2125;696,506;740,555
12,2;12,225;575,895;601,165
12,2125;12,2375;500,511;523,474
12,225;12,25;406,237;453,221
12,2375;12,2625;337,507;386,337
12,25;12,275;277,465;318,095
12,2625;12,2875;261,167;251,318
12,275;12,3;230,941;227,556
12,2875;12,3125;210,534;176,754
12,3;12,325;189,998;152,243
12,3125;12,3375;143,204;144,343
12,325;12,35;129,886;133,191
12,3375;12,3625;130,148;126,285
12,35;12,375;107,64;112,113
12,3625;12,3875;102,029;99,1457
12,375;12,4;95,6353;93,243
12,3875;12,4125;88,2856;81,485
12,4;12,425;85,9026;78,6665
12,4125;12,4375;84,2433;82,3341
12,425;12,45;80,4391;74,4446
12,4375;12,4625;72,3005;70,3377
12,45;12,475;81,0647;71,1709
12,4625;12,4875;81,7591;82,0917
12,475;12,5;176,402;188,095
12,4875;12,5125;8256,35;10881,9
12,5;12,525;8586,49;11041,3
12,5125;12,5375;2502,46;2094,96
12,525;12,55;1204,68;1455,51
12,5375;12,5625;1248,98;1360,49
12,55;12,575;1075,8;988,326
12,5625;12,5875;795,452;895,856
12,575;12,6;694,273;775,806
12,5875;12,6125;618,981;531,535
12,6;12,625;508,788;470,569
12,6125;12,6375;453,476;440,147
12,625;12,65;408,505;368,84
12,6375;12,6625;349,443;298,175
12,65;12,675;292,194;218,16
12,6625;12,6875;223,442;190,885
12,675;12,7;209,195;159,909
12,6875;12,7125;176,781;142,958
12,7;12,725;156,781;145,993
12,7125;12,7375;146,321;125,829
12,725;12,75;125,758;103,854
12,7375;12,7625;112,51;100,616
12,75;12,775;102,134;92,8884
12,7625;12,7875;96,715;101,229
12,775;12,8;105,955;106,705
12,7875;12,8125;92,7525;93,6321
12,8;12,825;78,4929;87,1437
12,8125;12,8375;86,9702;88,1308
12,825;12,85;89,8494;86,6488
12,8375;12,8625;90,2896;95,6338
12,85;12,875;117,379;206,555
12,8625;12,8875;3217,67;4810,83
12,875;12,9;3286,38;4864,94
12,8875;12,9125;2932,34;1914,2
12,9;12,925;2963,17;2026,58
12,9125;12,9375;1028,46;1148,98
12,925;12,95;815,485;816,795
12,9375;12,9625;619,113;759,527
12,95;12,975;585,761;590,473
12,9625;12,9875;514,925;442,194
12,975;13;340,584;340
12,9875;13,0125;318,267;310,358
13;13,025;277,55;310,505
13,0125;13,0375;238,038;263,827
13,025;13,05;214,298;224,074
13,0375;13,0625;191,635;202,919
13,05;13,075;179,155;197,702
13,0625;13,0875;166,02;180,471
13,075;13,1;144,549;165,805
13,0875;13,1125;130,882;182,884
13,1;13,125;126,991;174,58
13,1125;13,1375;122,86;148,627
13,125;13,15;115,675;142,491
13,1375;13,1625;135,926;167,03
13,15;13,175;142,555;174,752
13,1625;13,1875;126,101;153,842
13,175;13,2;128,354;157,977
13,1875;13,2125;134,119;171,405
13,2;13,225;129,702;161,649
13,2125;13,2375;127,2;151,346
13,225;13,25;129,357;143,233
13,2375;13,2625;116,126;131,338
13,25;13,275;111,869;131,336
13,2625;13,2875;1243,52;1197,11
13,275;13,3;3547,46;3278,04
13,2875;13,3125;3746,34;3438,46
13,3;13,325;1916,83;1710,66
13,3125;13,3375;1271,76;1060,02
13,325;13,35;1079,93;1064,09
13,3375;13,3625;734,991;874,548
13,35;13,375;720,572;807,38
13,3625;13,3875;564,417;646,806
13,375;13,4;417,801;450,425
13,3875;13,4125;370,821;431,15
13,4;13,425;323,24;355,197
13,4125;13,4375;239,222;272,038
13,425;13,45;222,519;244,847
13,4375;13,4625;233,516;212,164
13,45;13,475;212,072;182,457
13,4625;13,4875;173,704;171,121
13,475;13,5;138,83;134,12
13,4875;13,5125;115,58;116,63
13,5;13,525;113,199;106,094
13,5125;13,5375;106,61;100,239
13,525;13,55;84,6454;88,5795
13,5375;13,5625;77,1946;81,7802
13,55;13,575;80,6632;72,3662
13,5625;13,5875;80,3473;69,816
13,575;13,6;68,9935;63,9891
13,5875;13,6125;59,5331;60,3615
13,6;13,625;66,4451;59,5056
13,6125;13,6375;87,2018;83,0987
13,625;13,65;1296,9;1365,17
13,6375;13,6625;1491,89;1475,74
13,65;13,675;3447,26;2908,67
13,6625;13,6875;3418,83;2916,61
13,675;13,7;831,86;932,629
13,6875;13,7125;712,727;829,63
13,7;13,725;559,914;555,913
13,7125;13,7375;501,896;481,43
13,725;13,75;435,616;485,286
13,7375;13,7625;377,433;449,702
13,75;13,775;288,632;356,749
13,7625;13,7875;249,679;278,584
13,775;13,8;240,218;207,14
13,7875;13,8125;186,239;178,57
13,8;13,825;166,215;168,428
13,8125;13,8375;146,653;169,244
13,825;13,85;131,711;145,956
13,8375;13,8625;111,589;125,466
13,85;13,875;102,079;122,555
13,8625;13,8875;95,9773;113,777
13,875;13,9;89,6402;110,937
13,8875;13,9125;79,6384;104,219
13,9;13,925;83,7683;95,5181
13,9125;13,9375;96,3197;110,037
13,925;13,95;97,1755;125,582
13,9375;13,9625;96,5034;144,765
13,95;13,975;89,9507;132,78
13,9625;13,9875;99,9746;123,453
13,975;14;124,695;150,653
13,9875;14,0125;178,746;216,05
14;14,025;2373,12;2301,21
14,0125;14,0375;2568,41;2407,21
14,025;14,05;1128,57;875,669
14,0375;14,0625;786,48;655,274
14,05;14,075;697,512;613,205
14,0625;14,0875;506,159;525,949
14,075;14,1;405,927;392,785
14,0875;14,1125;344,257;350,189
14,1;14,125;298,132;336,811
14,1125;14,1375;249,381;301,211
14,125;14,15;222,036;269,923
14,1375;14,1625;203,858;265,096
14,15;14,175;216,325;245,16
14,1625;14,1875;200,319;236,12
14,175;14,2;178,32;252,056
14,1875;14,2125;173,7;235,679
14,2;14,225;147,763;205,599
14,2125;14,2375;127,386;187,143
14,225;14,25;131,226;172,608
14,2375;14,2625;134,848;173,829
14,25;14,275;124,458;176,53
14,2625;14,2875;125,052;149,762
14,275;14,3;121,078;136,783
14,2875;14,3125;111,532;132,748
14,3;14,325;107,128;142,024
14,3125;14,3375;102,606;136,374
14,325;14,35;109,426;133,239
14,3375;14,3625;134,985;152,777
14,35;14,375;2135,48;3159,1
14,3625;14,3875;2807,36;3819,29
14,375;14,4;1921,01;2230,25
14,3875;14,4125;855,549;856,047
14,4;14,425;796,451;866,745
14,4125;14,4375;658,72;749,593
14,425;14,45;590,047;546,202
14,4375;14,4625;523,964;446,743
14,45;14,475;442,479;382,666
14,4625;14,4875;380,816;328,949
14,475;14,5;290,16;302,012
14,4875;14,5125;244,99;244,269
14,5;14,525;220,483;209,979
14,5125;14,5375;208,136;199,226
14,525;14,55;179,652;173,41
14,5375;14,5625;150,55;154,271
14,55;14,575;137,717;146,264
14,5625;14,5875;117,8;130,522
14,575;14,6;103,078;112,055
14,5875;14,6125;97,5334;111,676
14,6;14,625;97,6221;107,054
14,6125;14,6375;98,2509;88,5324
14,625;14,65;97,4526;82,2736
14,6375;14,6625;101,387;88,2091
14,65;14,675;106,209;88,794
14,6625;14,6875;90,9344;83,6897
14,675;14,7;84,131;81,2826
14,6875;14,7125;91,0865;81,0629
14,7;14,725;179,367;95,1008
14,7125;14,7375;7798,27;2063,18
14,725;14,75;8007,34;3652,22
14,7375;14,7625;1984,84;3087,31
14,75;14,775;968,803;837,178
14,7625;14,7875;799,922;680,064
14,775;14,8;713,451;582,705
14,7875;14,8125;530,915;486,108
14,8;14,825;399,608;413,066
14,8125;14,8375;365,433;342,521
14,825;14,85;300,941;299,992
14,8375;14,8625;266,414;255,413
14,85;14,875;252,446;208,13
14,8625;14,8875;210,09;177,528
14,875;14,9;172,427;147,515
14,8875;14,9125;158,275;126,606
14,9;14,925;131,277;111,451
14,9125;14,9375;106,303;103,148
14,925;14,95;99,4059;91,5832
14,9375;14,9625;94,3704;79,2293
14,95;14,975;91,6873;76,3689
14,9625;14,9875;91,5196;75,3403
14,975;15;85,8707;71,7355
14,9875;15,0125;78,0021;64,1783
15;15,025;71,0476;57,0111
15,0125;15,0375;71,1493;61,4449
15,025;15,05;74,0347;58,6919
15,0375;15,0625;90,6853;61,6746
15,05;15,075;254,952;133,09
15,0625;15,0875;3634,18;2662,72
15,075;15,1;3690,22;2763,74
15,0875;15,1125;777,969;817,967
15,1;15,125;518,953;460,607
15,1125;15,1375;465,21;417,088
15,125;15,15;386,516;361,652
15,1375;15,1625;341,915;345,915
15,15;15,175;274,135;289,032
15,1625;15,1875;209,412;231,777
15,175;15,2;198,96;231,13
15,1875;15,2125;187,934;204,146
15,2;15,225;165,538;169,685
15,2125;15,2375;153,805;164,193
15,225;15,25;145,399;160,013
15,2375;15,2625;133,992;139,69
15,25;15,275;115,447;128,787
15,2625;15,2875;112,82;130,854
15,275;15,3;111,974;133,58
15,2875;15,3125;109,708;144,24
15,3;15,325;108,684;145,834
15,3125;15,3375;104,713;141,003
15,325;15,35;104,994;141,706
15,3375;15,3625;114,428;161,8
15,35;15,375;126,291;163,177
15,3625;15,3875;125,382;141,181
15,375;15,4;121,336;143,62
15,3875;15,4125;137,622;178,442
15,4;15,425;178,479;387,54
15,4125;15,4375;2033,07;2714,02
15,425;15,45;2060,01;2735,06
15,4375;15,4625;474,793;609,249
15,45;15,475;430,905;504
15,4625;15,4875;408,135;457,65
15,475;15,5;352,782;395,022
15,4875;15,5125;286,014;349,458
15,5;15,525;232,244;293,137
15,5125;15,5375;211,274;279,392
15,525;15,55;203,024;261,52
15,5375;15,5625;191,917;223,621
15,55;15,575;192,542;226,627
15,5625;15,5875;185,452;236,462
15,575;15,6;175,928;243,65
15,5875;15,6125;172,182;244,642
15,6;15,625;151,309;223,215
15,6125;15,6375;127,843;193,043
15,625;15,65;144,659;194,765
15,6375;15,6625;144,698;209,522
15,65;15,675;148,987;231,729
15,6625;15,6875;157,348;255,302
15,675;15,7;154,897;237,347
15,6875;15,7125;166,142;242,416
15,7;15,725;161,626;231,511
15,7125;15,7375;163,032;240,079
15,725;15,75;173,026;264,449
15,7375;15,7625;160,008;241,759
15,75;15,775;147,448;219,882
15,7625;15,7875;173,499;282,991
15,775;15,8;2468,18;3160,11
15,7875;15,8125;2501,91;3196,86
15,8;15,825;651,371;762,24
15,8125;15,8375;634,61;777,505
15,825;15,85;530,839;658,98
15,8375;15,8625;467,588;429,58
15,85;15,875;419,256;372,81
15,8625;15,8875;2140,2;1337,68
15,875;15,9;2166,69;1378,13
15,8875;15,9125;687,044;588,589
15,9;15,925;626,48;535,657
15,9125;15,9375;535,736;509,185
15,925;15,95;524,779;461,916
15,9375;15,9625;406,226;376,132
15,95;15,975;405,411;408,232
15,9625;15,9875;353,876;355,118
15,975;16;225,369;227,169
15,9875;16,0125;236,795;275,209
16;16,025;231,416;245,209
16,0125;16,0375;210,084;191,66
16,025;16,05;225,087;192,296
16,0375;16,0625;195,134;160,036
16,05;16,075;154,233;142,246
16,0625;16,0875;135,274;120,462
16,075;16,1;119,496;107,753
16,0875;16,1125;125,201;207,729
16,1;16,125;1513,11;2246,06
16,1125;16,1375;1591,76;2300,28
16,125;16,15;642,472;720,674
16,1375;16,1625;497,414;613,947
16,15;16,175;392,111;504,793
16,1625;16,1875;345,925;424,85
16,175;16,2;302,775;349,214
16,1875;16,2125;264,682;289,788
16,2;16,225;227,536;235,612
16,2125;16,2375;185,402;220,184
16,225;16,25;162,791;209,089
16,2375;16,2625;158,206;174,463
16,25;16,275;912,325;1342,64
16,2625;16,2875;966,14;1413,22
16,275;16,3;474,949;558,886
16,2875;16,3125;421,424;408,229
16,3;16,325;317,637;312,96
16,3125;16,3375;266,746;262,293
16,325;16,35;253,788;231,048
16,3375;16,3625;220,789;214,814
16,35;16,375;225,542;232,205
16,3625;16,3875;316,615;287,217
16,375;16,4;288,698;251,177
16,3875;16,4125;160,458;142,784
16,4;16,425;148,072;121,648
16,4125;16,4375;140,207;134,048
16,425;16,45;120,479;135,198
16,4375;16,4625;105,372;120,213
16,45;16,475;187,909;248,859
16,4625;16,4875;2899,59;3892,03
16,475;16,5;2928,08;3919,85
16,4875;16,5125;582,417;763,225
16,5;16,525;524,352;742,63
16,5125;16,5375;566,57;585,317
16,525;16,55;508,428;428,766
16,5375;16,5625;351,918;406,989
16,55;16,575;302,66;377,456
16,5625;16,5875;250,242;298,091
16,575;16,6;213,416;257,788
16,5875;16,6125;176,3;226,258
16,6;16,625;151,223;155,201
16,6125;16,6375;150,774;139,604
16,625;16,65;787,998;589,442
16,6375;16,6625;817,089;622,073
16,65;16,675;311,333;277,248
16,6625;16,6875;249,82;231,645
16,675;16,7;206,105;214,897
16,6875;16,7125;175,751;184,937
16,7;16,725;154,887;168,654
16,7125;16,7375;131,903;150,815
16,725;16,75;112,911;117,091
16,7375;16,7625;106,273;97,3791
16,75;16,775;87,6884;85,9464
16,7625;16,7875;75,3708;85,8782
16,775;16,8;87,8822;86,0642
16,7875;16,8125;105,59;89,744
16,8;16,825;554,555;216,442
16,8125;16,8375;5713,29;2198,51
16,825;16,85;5706,44;2232,05
16,8375;16,8625;622,991;601,282
16,85;16,875;517,552;547,854
16,8625;16,8875;441,359;475,557
16,875;16,9;398,957;409,179
16,8875;16,9125;336,567;391,915
16,9;16,925;281,427;344,861
16,9125;16,9375;240,695;264,496
16,925;16,95;199,389;252,144
16,9375;16,9625;166,99;222,947
16,95;16,975;146,006;178,76
16,9625;16,9875;131,66;139,817
16,975;17;128,922;130,75
16,9875;17,0125;860,54;817,76
17;17,025;945,119;908,01
17,0125;17,0375;442,773;450,119
17,025;17,05;287,766;270,95
17,0375;17,0625;264,543;248,702
17,05;17,075;196,64;212,304
17,0625;17,0875;164,997;182,602
17,075;17,1;148,398;161,401
17,0875;17,1125;127,887;143,25
17,1;17,125;103,444;128,457
17,1125;17,1375;94,866;111,684
17,125;17,15;96,7665;113,577
17,1375;17,1625;90,138;118,011
17,15;17,175;85,2369;105,961
17,1625;17,1875;537,532;201,903
17,175;17,2;4748,57;2267,15
17,1875;17,2125;4749,58;2313,72
17,2;17,225;661,21;594,071
17,2125;17,2375;501,031;552,277
17,225;17,25;416,673;536,251
17,2375;17,2625;361,324;379,869
17,25;17,275;322,785;303,094
17,2625;17,2875;248,12;240,631
17,275;17,3;201,842;208,791
17,2875;17,3125;179,039;203,744
17,3;17,325;155,189;187,211
17,3125;17,3375;131,221;140,032
17,325;17,35;112,768;119,274
17,3375;17,3625;129,853;130,221
17,35;17,375;1328,47;1320,18
17,3625;17,3875;1339,31;1336,97
17,375;17,4;265,476;303,589
17,3875;17,4125;249,233;243,721
17,4;17,425;233,623;190,063
17,4125;17,4375;193,751;163,722
17,425;17,45;150,306;130,698
17,4375;17,4625;121,049;110,369
17,45;17,475;109,889;106,383
17,4625;17,4875;103,24;98,325
17,475;17,5;97,0872;90,8127
17,4875;17,5125;86,9469;75,7634
17,5;17,525;78,2245;70,1618
17,5125;17,5375;74,0316;75,4071
17,525;17,55;148,636;244,873
17,5375;17,5625;2343,61;2937,79
17,55;17,575;2371,71;2964,31
17,5625;17,5875;551,294;650,607
17,575;17,6;543,763;644,242
17,5875;17,6125;471,646;541,815
17,6;17,625;379,987;386,423
17,6125;17,6375;336,795;335,762
17,625;17,65;285,014;293,565
17,6375;17,6625;239,092;247,135
17,65;17,675;203,205;211,381
17,6625;17,6875;165,759;183,282
17,675;17,7;166,73;178,514
17,6875;17,7125;163,222;169,587
17,7;17,725;157,638;159,588
17,7125;17,7375;2436,09;1237,53
17,725;17,75;2442,02;1249,65
17,7375;17,7625;270,656;269,113
17,75;17,775;232,501;222,783
17,7625;17,7875;207,641;194,526
17,775;17,8;177,458;182,059
17,7875;17,8125;170,302;165,18
17,8;17,825;156,916;143,024
17,8125;17,8375;126,109;139,18
17,825;17,85;104,262;132,637
17,8375;17,8625;107,081;120,537
17,85;17,875;111,834;115,737
17,8625;17,8875;103,225;117,062
17,875;17,9;90,8734;115,933
17,8875;17,9125;104,617;143,86
17,9;17,925;1300,81;2994,19
17,9125;17,9375;1785,78;3277,11
17,925;17,95;1282,19;1405
17,9375;17,9625;616,135;631,912
17,95;17,975;601,672;601,829
17,9625;17,9875;463,635;510,149
17,975;18;386,465;439,004
17,9875;18,0125;308,673;380,006
18;18,025;272,72;328,674
18,0125;18,0375;235,219;274,009
18,025;18,05;189,896;223,158
18,0375;18,0625;173,63;181,933
18,05;18,075;157,527;167,509
18,0625;18,0875;136,226;158,392
18,075;18,1;121,842;148,651
18,0875;18,1125;126,653;137,095
18,1;18,125;1355,66;792,315
18,1125;18,1375;1366,46;814,576
18,125;18,15;268,13;283,883
18,1375;18,1625;248,724;251,672
18,15;18,175;228,733;214,821
18,1625;18,1875;196,893;194,88
18,175;18,2;155,068;179,347
18,1875;18,2125;139,949;154,03
18,2;18,225;147,96;143,773
18,2125;18,2375;140,096;137,004
18,225;18,25;121,418;131,496
18,2375;18,2625;110,081;125,72
18,25;18,275;109,391;126,984
18,2625;18,2875;110,37;130,834
18,275;18,3;99,5671;120,625
18,2875;18,3125;117,812;213,596
18,3;18,325;1990,4;2620,31
18,3125;18,3375;2019,78;2667,72
18,325;18,35;444,781;604,844
18,3375;18,3625;375,807;373,07
18,35;18,375;336,935;346,824
18,3625;18,3875;258,205;304,104
18,375;18,4;223,371;248,639
18,3875;18,4125;219,688;205,489
18,4;18,425;181,298;163,759
18,4125;18,4375;139,503;139,461
18,425;18,45;122,445;123,24
18,4375;18,4625;98,6802;114,176
18,45;18,475;92,1091;104,3
18,4625;18,4875;96,5928;93,0241
18,475;18,5;951,871;511,583
18,4875;18,5125;1079,81;752,339
18,5;18,525;568,015;615,687
18,5125;18,5375;323,035;364,559
18,525;18,55;283,243;320,398
18,5375;18,5625;244,468;256,9
18,55;18,575;216,423;227,266
18,5625;18,5875;194,718;205,72
18,575;18,6;167,085;176,746
18,5875;18,6125;144,92;158,971
18,6;18,625;143,708;140,686
18,6125;18,6375;131,725;129,458
18,625;18,65;108,267;113,673
18,6375;18,6625;109,18;109,016
18,65;18,675;128,306;151,258
18,6625;18,6875;1402,08;2140,09
18,675;18,7;1409,53;2150,91
18,6875;18,7125;239,321;282,25
18,7;18,725;223,727;221,239
18,7125;18,7375;192,712;229,023
18,725;18,75;149,623;173,872
18,7375;18,7625;139,818;136,776
18,75;18,775;135,084;124,595
18,7625;18,7875;117,339;107,826
18,775;18,8;110,99;100,363
18,7875;18,8125;105,675;98,9582
18,8;18,825;98,0032;82,56
18,8125;18,8375;98,04;73,9578
18,825;18,85;92,5163;78,1423
18,8375;18,8625;82,7381;81,1605
18,85;18,875;91,8211;81,0208
18,8625;18,8875;1727,41;1180,88
18,875;18,9;1771,63;1281,51
18,8875;18,9125;586,607;665,94
18,9;18,925;578,978;654,499
18,9125;18,9375;508,866;587,904
18,925;18,95;397,552;421,442
18,9375;18,9625;293,009;318,326
18,95;18,975;249,362;271,743
18,9625;18,9875;230,337;256,179
18,975;19;199,328;202,858
18,9875;19,0125;169,213;169,896
19;19,025;157,723;149,714
19,0125;19,0375;140,014;129,956
19,025;19,05;124,169;111,474
19,0375;19,0625;96,3669;93,2351
19,05;19,075;108,843;175,192
19,0625;19,0875;1665,32;2160,33
19,075;19,1;1696,91;2185,31
19,0875;19,1125;430,429;457,482
19,1;19,125;371,173;387,097
19,1125;19,1375;327,693;356,542
19,125;19,15;266,02;305,537
19,1375;19,1625;222,22;257,775
19,15;19,175;184,884;202,302
19,1625;19,1875;167,534;177,86
19,175;19,2;151,438;158,786
19,1875;19,2125;132,6;139,499
19,2;19,225;133,843;133,8
19,2125;19,2375;146,144;134,697
19,225;19,25;132,986;125,058
19,2375;19,2625;136,604;122,213
19,25;19,275;1943,71;641,141
19,2625;19,2875;1960,31;684,517
19,275;19,3;328,29;306,995
19,2875;19,3125;250,988;235,133
19,3;19,325;236,008;230,869
19,3125;19,3375;199,242;197,248
19,325;19,35;168,848;165,808
19,3375;19,3625;150,251;166,675
19,35;19,375;138,469;143,714
19,3625;19,3875;131,473;135,646
19,375;19,4;134,718;141,133
19,3875;19,4125;118,549;125,202
19,4;19,425;97,3749;118,807
19,4125;19,4375;98,967;117,055
19,425;19,45;112,497;116,801
19,4375;19,4625;131,023;210,208
19,45;19,475;1507,15;1862,77
19,4625;19,4875;1528,48;1887,87
19,475;19,5;354,407;473,463
19,4875;19,5125;313,513;415,76
19,5;19,525;307,083;348,262
19,5125;19,5375;275,263;264,855
19,525;19,55;222,051;221,547
19,5375;19,5625;181,693;219,837
19,55;19,575;152,848;196,799
19,5625;19,5875;157,548;144,603
19,575;19,6;145,159;137,799
19,5875;19,6125;110,628;126,015
19,6;19,625;97,5986;124,28
19,6125;19,6375;95,2535;127,803
19,625;19,65;107,523;110,738
19,6375;19,6625;102,895;101,762
19,65;19,675;162,139;110,4
19,6625;19,6875;2474,69;962,466
19,675;19,7;2479,77;989,959
19,6875;19,7125;271,681;287,793
19,7;19,725;214,26;200,914
19,7125;19,7375;179,456;176,817
19,725;19,75;149,02;150,829
19,7375;19,7625;138,556;130,071
19,75;19,775;121,118;116,294
19,7625;19,7875;101,29;103,034
19,775;19,8;93,0991;87,9618
19,7875;19,8125;80,1559;75,4042
19,8;19,825;76,32;75,5677
19,8125;19,8375;75,0248;80,0899
19,825;19,85;86,6228;94,3436
19,8375;19,8625;95,9135;98,0611
19,85;19,875;95,0534;96,2797
19,8625;19,8875;104,094;106,061
19,875;19,9;126,205;133,537
19,8875;19,9125;1454,99;2554,14
19,9;19,925;1569,85;2599,39
19,9125;19,9375;666,626;552,331
19,925;19,95;394,526;347,62
19,9375;19,9625;341,65;337,341
19,95;19,975;276,841;318,536
19,9625;19,9875;238,65;280,446
19,975;20;221,977;219,132
19,9875;20,0125;192,636;181,777
20;20,025;164,418;163,406
20,0125;20,0375;136,382;145,047
20,025;20,05;139,367;139,137
20,0375;20,0625;136,427;131,679
20,05;20,075;104,484;102,881
20,0625;20,0875;94,4523;90,0136
20,075;20,1;94,5407;97,7987
20,0875;20,1125;82,2742;94,6669
20,1;20,125;81,5852;91,4841
20,1125;20,1375;1199,73;873,554
20,125;20,15;1367,02;1013,36
20,1375;20,1625;689,174;548,671
20,15;20,175;275,623;263,468
20,1625;20,1875;239,997;246,992
20,175;20,2;191,662;199,816
20,1875;20,2125;151,674;169,115
20,2;20,225;134,212;149,127
20,2125;20,2375;123,118;122,253
20,225;20,25;108,633;105,686
20,2375;20,2625;907,896;716,703
20,25;20,275;989,491;765,017
20,2625;20,2875;425,568;301,148
20,275;20,3;177,257;167,989
20,2875;20,3125;147,831;167,733
20,3;20,325;145,1;150,465
20,3125;20,3375;130,301;120,316
20,325;20,35;110,515;122,043
20,3375;20,3625;93,4217;123,538
20,35;20,375;94,5203;134,468
20,3625;20,3875;114,445;647,732
20,375;20,4;2583,76;8613,6
20,3875;20,4125;2602,65;8598,29
20,4;20,425;465,855;470,573
20,4125;20,4375;435,202;413,423
20,425;20,45;364,332;383,723
20,4375;20,4625;311,487;287,668
20,45;20,475;270,526;248,161
20,4625;20,4875;226,242;229,951
20,475;20,5;194,406;194,726
20,4875;20,5125;172,539;172,703
20,5;20,525;143,03;153,5
20,5125;20,5375;129,564;148,422
20,525;20,55;133,59;142,246
20,5375;20,5625;130,366;139,472
20,55;20,575;128,778;147,242
20,5625;20,5875;124,175;132,394
20,575;20,6;105,884;108,64
20,5875;20,6125;101,861;108,604
20,6;20,625;119,693;120,527
20,6125;20,6375;122,557;121,01
20,625;20,65;113,558;104,938
20,6375;20,6625;143,549;125,505
20,65;20,675;1634,46;1311,18
20,6625;20,6875;1655,09;1340,76
20,675;20,7;344,132;352,628
20,6875;20,7125;281,602;257,995
20,7;20,725;268,335;239,936
20,7125;20,7375;218,733;202,035
20,725;20,75;172,341;162,869
20,7375;20,7625;143,949;154,138
20,75;20,775;148,077;144,218
20,7625;20,7875;137,198;130,505
20,775;20,8;115,866;120,479
20,7875;20,8125;104,773;108,224
20,8;20,825;99,3168;101,774
20,8125;20,8375;104,81;96,5702
20,825;20,85;102,068;84,7268
20,8375;20,8625;104,995;83,7867
20,85;20,875;105,144;87,8083
20,8625;20,8875;90,5367;81,9345
20,875;20,9;79,3725;72,5016
20,8875;20,9125;77,1684;68,2729
20,9;20,925;72,8831;64,5712
20,9125;20,9375;60,5108;52,5092
20,925;20,95;55,3564;51,7314
20,9375;20,9625;61,1266;57,3567
20,95;20,975;63,0491;66,7663
20,9625;20,9875;66,8509;62,6727
20,975;21;71,7904;61,4509
20,9875;21,0125;67,2057;61,6669
21;21,025;60,2287;55,6506
21,0125;21,0375;67,8301;59,4511
21,025;21,05;73,1756;64,5413
21,0375;21,0625;72,7097;63,7802
21,05;21,075;66,7556;61,9788
21,0625;21,0875;55,7229;60,3243
21,075;21,1;70,248;63,2686
21,0875;21,1125;103,021;89,0545
21,1;21,125;111,728;99,7323
21,1125;21,1375;83,8118;81,2022
21,125;21,15;79,1096;62,0757
21,1375;21,1625;92,8799;59,5115
21,15;21,175;80,5855;70,8076
21,1625;21,1875;67,1189;78,0776
21,175;21,2;79,5814;75,7591
21,1875;21,2125;96,5351;83,408
21,2;21,225;96,1921;91,4916
21,2125;21,2375;98,7712;87,4836
21,225;21,25;120,339;100,02
21,2375;21,2625;129,581;107,774
21,25;21,275;122,059;102,615
21,2625;21,2875;138,558;124,014
21,275;21,3;139,923;138,071
21,2875;21,3125;145,065;134,78
21,3;21,325;172,581;144,007
21,3125;21,3375;179,955;152,337
21,325;21,35;187,535;165,325
21,3375;21,3625;180,733;157,052
21,35;21,375;172,968;171,488
21,3625;21,3875;171,55;175,035
21,375;21,4;173,223;148,773
21,3875;21,4125;170,117;166,583
21,4;21,425;154,673;162,728
21,4125;21,4375;141,139;142,215
21,425;21,45;148,833;150,236
21,4375;21,4625;161,363;177,317
21,45;21,475;152,376;179,951
21,4625;21,4875;136,182;155,457
21,475;21,5;116,668;135,106
21,4875;21,5125;110,737;123,776
21,5;21,525;142,242;135,614
21,5125;21,5375;152,21;155,566
21,525;21,55;135,492;152,013
21,5375;21,5625;127,687;135,284
21,55;21,575;113,803;116,514
21,5625;21,5875;150,95;139,599
21,575;21,6;148,022;136,608
21,5875;21,6125;97,0012;94,2135
21,6;21,625;86,7148;92,5611
21,6125;21,6375;99,3673;91,9428
21,625;21,65;107,412;85,6702
21,6375;21,6625;97,9815;83,3918
21,65;21,675;97,0972;95,5817
21,6625;21,6875;92,8885;89,5289
21,675;21,7;100,472;79,6296
21,6875;21,7125;113,85;109,454
21,7;21,725;105,926;115,274
21,7125;21,7375;107,176;101,244
21,725;21,75;115,799;104,678
21,7375;21,7625;130,484;103,49
21,75;21,775;135,58;113,271
21,7625;21,7875;1397,19;1242,01
21,775;21,8;1490,3;1324,21
21,7875;21,8125;551,57;499,646
21,8;21,825;272,715;273,44
21,8125;21,8375;2002,45;1523,08
21,825;21,85;2021,68;1541,98
21,8375;21,8625;406,094;381,907
21,85;21,875;294,269;337,464
21,8625;21,8875;279,693;325,467
21,875;21,9;321,718;273,01
21,8875;21,9125;326,054;268,149
21,9;21,925;226,454;217,012
21,9125;21,9375;165,053;150,881
21,925;21,95;149,016;134,29
21,9375;21,9625;136,314;131,515
21,95;21,975;119,002;115,393
21,9625;21,9875;101,024;92,1048
21,975;22;99,1549;90,8582
21,9875;22,0125;101,651;86,9187
22;22,025;106,275;88,2449
22,0125;22,0375;356,12;308,352
22,025;22,05;352,065;309,041
22,0375;22,0625;94,2831;101,563
22,05;22,075;96,3282;97,9373
22,0625;22,0875;90,8517;82,143
22,075;22,1;102,234;87,6346
22,0875;22,1125;123,596;111,699
22,1;22,125;149,986;118,987
22,1125;22,1375;144,696;112,8
22,125;22,15;160,99;118,067
22,1375;22,1625;204,327;133,091
22,15;22,175;163,973;112,935
22,1625;22,1875;77,2002;79,0523
22,175;22,2;68,4144;79,0389
22,1875;22,2125;76,3653;74,4834
22,2;22,225;73,4646;59,9387
22,2125;22,2375;68,68;60,8247
22,225;22,25;65,353;62,89
22,2375;22,2625;57,4907;61,2805
22,25;22,275;63,8966;55,8559
22,2625;22,2875;68,9645;57,3518
22,275;22,3;64,6399;66,9158
22,2875;22,3125;71,2241;68,7071
22,3;22,325;101,613;71,5912
22,3125;22,3375;103,538;73,9894
22,325;22,35;86,4963;67,2661
22,3375;22,3625;84,7718;61,1926
22,35;22,375;73,4417;63,7357
22,3625;22,3875;73,2727;62,7576
22,375;22,4;84,0097;79,5146
22,3875;22,4125;88,3045;84,7991
22,4;22,425;84,0474;70,6142
22,4125;22,4375;98,3675;71,434
22,425;22,45;111,569;79,6842
22,4375;22,4625;100,833;89,8857
22,45;22,475;101,449;93,2533
22,4625;22,4875;112,726;96,2438
22,475;22,5;110,566;96,4585
22,4875;22,5125;115,543;90,4581
22,5;22,525;108,554;98,584
22,5125;22,5375;100,149;106,583
22,525;22,55;119,271;107,473
22,5375;22,5625;128,925;102,201
22,55;22,575;120,037;94,9773
22,5625;22,5875;124,349;106,997
22,575;22,6;128,428;114,448
22,5875;22,6125;125,713;114,892
22,6;22,625;130,383;123,179
22,6125;22,6375;120,326;121,546
22,625;22,65;112,466;105,916
22,6375;22,6625;115,994;100,879
22,65;22,675;127,766;110,279
22,6625;22,6875;132,85;108,032
22,675;22,7;142,707;106,986
22,6875;22,7125;178,651;123,739
22,7;22,725;517,226;422,778
22,7125;22,7375;1674,36;1452,91
22,725;22,75;5109,87;4126,48
22,7375;22,7625;4932,81;4003,19
22,75;22,775;1040,04;1087,8
22,7625;22,7875;775,436;776,937
22,775;22,8;671,369;703,103
22,7875;22,8125;503,55;491,976
22,8;22,825;414,856;417,857
22,8125;22,8375;355,904;387,092
22,825;22,85;326,717;326,841
22,8375;22,8625;286,721;240,926
22,85;22,875;234,378;240,333
22,8625;22,8875;211,425;206,788
22,875;22,9;174,756;185,26
22,8875;22,9125;160,595;173,773
22,9;22,925;158,889;156,621
22,9125;22,9375;145,766;145,074
22,925;22,95;140,742;145,409
22,9375;22,9625;166,546;141,303
22,95;22,975;162,723;142,653
22,9625;22,9875;130,476;144,654
22,975;23;126,274;126,494
22,9875;23,0125;121,623;119,938
23;23,025;129,965;121,853
23,0125;23,0375;125,557;105,598
23,025;23,05;120,359;112,529
23,0375;23,0625;114,892;118,028
23,05;23,075;116,729;126,633
23,0625;23,0875;131,509;134,518
23,075;23,1;144,038;129,749
23,0875;23,1125;144,745;127,927
23,1;23,125;147,669;127,887
23,1125;23,1375;283,881;253,027
23,125;23,15;274,21;243,98
23,1375;23,1625;111,361;93,7975
23,15;23,175;104,332;86,9788
23,1625;23,1875;257,776;236,267
23,175;23,2;385,579;366,063
23,1875;23,2125;313,265;300,835
23,2;23,225;135,188;125,197
23,2125;23,2375;212,103;207,878
23,225;23,25;219,9;206,948
