Start,Stop,,
0,0.025,8710.58,9053.34
0.0125,0.0375,56.4799,46.5747
0.025,0.05,50.4722,42.072
0.0375,0.0625,47.7842,45.3564
0.05,0.075,47.6187,50.186
0.0625,0.0875,46.3947,48.9971
0.075,0.1,47.8856,48.1066
0.0875,0.1125,47.8404,47.3739
0.1,0.125,47.7682,43.6866
0.1125,0.1375,47.9233,45.2719
0.125,0.15,46.513,47.2507
0.1375,0.1625,51.119,45.4646
0.15,0.175,52.9739,47.7345
0.1625,0.1875,52.161,50.9657
0.175,0.2,55.279,49.8532
0.1875,0.2125,214.785,226.186
0.2,0.225,214.886,227.87
0.2125,0.2375,52.6999,56.5945
0.225,0.25,44.6015,47.7148
0.2375,0.2625,42.667,45.4032
0.25,0.275,52.9367,43.1102
0.2625,0.2875,58.9263,45.7408
0.275,0.3,52.8869,46.2472
0.2875,0.3125,45.8968,47.7804
0.3,0.325,46.7144,53.2634
0.3125,0.3375,49.1237,48.0387
0.325,0.35,53.6093,42.0043
0.3375,0.3625,54.9223,40.9487
0.35,0.375,51.7297,43.5994
0.3625,0.3875,60.4351,53.1949
0.375,0.4,57.7158,49.074
0.3875,0.4125,47.6974,41.1349
0.4,0.425,50.0885,45.8515
0.4125,0.4375,48.3041,45.3676
0.425,0.45,51.0686,45.9693
0.4375,0.4625,53.5309,43.4663
0.45,0.475,50.7808,39.6616
0.4625,0.4875,51.1563,40.8197
0.475,0.5,52.1104,43.9399
0.4875,0.5125,50.6109,46.4157
0.5,0.525,55.2668,43.0994
0.5125,0.5375,54.4025,44.9461
0.525,0.55,54.699,51.127
0.5375,0.5625,53.8907,47.5066
0.55,0.575,50.2657,47.2454
0.5625,0.5875,50.6729,48.7595
0.575,0.6,46.6609,40.2688
0.5875,0.6125,49.993,42.3142
0.6,0.625,51.1527,47.2904
0.6125,0.6375,43.7905,45.767
0.625,0.65,41.8037,45.7589
0.6375,0.6625,46.9206,47.0551
0.65,0.675,51.4847,46.9195
0.6625,0.6875,54.6468,47.3873
0.675,0.7,51.0503,48.5651
0.6875,0.7125,45.4218,49.2357
0.7,0.725,47.3798,44.0734
0.7125,0.7375,53.6188,45.4808
0.725,0.75,51.7921,47.0782
0.7375,0.7625,52.9852,43.847
0.75,0.775,58.7101,50.2703
0.7625,0.7875,60.4815,52.9361
0.775,0.8,59.6381,44.8809
0.7875,0.8125,54.7829,42.2503
0.8,0.825,62.2194,44.9333
0.8125,0.8375,63.5168,41.2722
0.825,0.85,51.5439,41.3043
0.8375,0.8625,45.7264,46.1815
0.85,0.875,46.8907,49.1104
0.8625,0.8875,46.9501,47.1384
0.875,0.9,44.7941,49.5818
0.8875,0.9125,46.8482,50.1417
0.9,0.925,53.6717,48.7911
0.9125,0.9375,61.3357,55.4302
0.925,0.95,68.1551,62.8279
0.9375,0.9625,73.5807,60.3053
0.95,0.975,73.3337,53.7975
0.9625,0.9875,68.2279,61.0367
0.975,1,55.5738,58.906
0.9875,1.0125,58.2658,46.5953
1,1.025,61.5545,46.4176
1.0125,1.0375,57.919,51.0045
1.025,1.05,61.8509,63.3676
1.0375,1.0625,55.1436,64.4795
1.05,1.075,54.2651,53.6041
1.0625,1.0875,60.89,54.3171
1.075,1.1,59.3015,57.2737
1.0875,1.1125,62.1644,53.1139
1.1,1.125,61.54,51.8668
1.1125,1.1375,54.1711,61.2312
1.125,1.15,55.5324,62.7842
1.1375,1.1625,58.0549,58.9102
1.15,1.175,54.284,59.9879
1.1625,1.1875,48.142,58.322
1.175,1.2,49.3065,52.3187
1.1875,1.2125,52.7175,46.5965
1.2,1.225,57.3135,48.4703
1.2125,1.2375,62.3319,54.1368
1.225,1.25,57.9187,57.0522
1.2375,1.2625,55.7362,54.0245
1.25,1.275,57.7457,52.6188
1.2625,1.2875,58.8114,58.51
1.275,1.3,60.3885,57.2982
1.2875,1.3125,389.172,342.682
1.3,1.325,4934.38,4657.15
1.3125,1.3375,5024.23,4770.86
1.325,1.35,1289.68,1332.22
1.3375,1.3625,1011.29,1025.95
1.35,1.375,845.728,861.376
1.3625,1.3875,730.486,715.644
1.375,1.4,624.054,651.597
1.3875,1.4125,492.934,533.917
1.4,1.425,392.228,394.8
1.4125,1.4375,336.654,326.008
1.425,1.45,263.71,270.739
1.4375,1.4625,252.734,214.302
1.45,1.475,218.6,187.634
1.4625,1.4875,165.114,164.002
1.475,1.5,135.205,142.483
1.4875,1.5125,129.691,119.308
1.5,1.525,110.001,98.8244
1.5125,1.5375,88.6665,102.033
1.525,1.55,80.9894,99.7402
1.5375,1.5625,81.2138,79.9156
1.55,1.575,81.6824,71.1493
1.5625,1.5875,71.7997,72.6358
1.575,1.6,64.2159,68.5487
1.5875,1.6125,66.8525,63.1769
1.6,1.625,65.7476,58.6847
1.6125,1.6375,65.9501,55.2728
1.625,1.65,3635.67,6015.65
1.6375,1.6625,19166.7,27440.9
1.65,1.675,19021,27069.7
1.6625,1.6875,3802.74,4926.31
1.675,1.7,3239.08,3792.73
1.6875,1.7125,2864.78,3399.77
1.7,1.725,2722.62,2978.95
1.7125,1.7375,2209.91,2264.81
1.725,1.75,1788.75,1831.39
1.7375,1.7625,1438.59,1582.37
1.75,1.775,1127.99,1304.76
1.7625,1.7875,910.779,1173.4
1.775,1.8,844.543,933.605
1.7875,1.8125,751.275,715.471
1.8,1.825,657.207,650.34
1.8125,1.8375,519.629,561.978
1.825,1.85,456.875,435.878
1.8375,1.8625,403.856,379.98
1.85,1.875,315.676,337.848
1.8625,1.8875,255.717,277.037
1.875,1.9,240.11,197.955
1.8875,1.9125,211.15,190.731
1.9,1.925,175.488,184.206
1.9125,1.9375,146.023,159.878
1.925,1.95,123.071,113.246
1.9375,1.9625,112.759,103.545
1.95,1.975,1457.63,1540.48
1.9625,1.9875,39859.4,56798.3
1.975,2,40342.8,57399.1
1.9875,2.0125,8185.76,10267
2,2.025,6674.14,7705.99
2.0125,2.0375,5496.18,6787.48
2.025,2.05,5308.87,6161.81
2.0375,2.0625,4967.79,4875.34
2.05,2.075,3715.82,3515.26
2.0625,2.0875,2997.36,3036.39
2.075,2.1,2284.64,2571.68
2.0875,2.1125,1828.51,2357.55
2.1,2.125,1834.57,2062.27
2.1125,2.1375,1743.37,1559.84
2.125,2.15,1332.32,1380.83
2.1375,2.1625,1041.58,1235.25
2.15,2.175,1006.51,940.287
2.1625,2.1875,833.659,842.409
2.175,2.2,627.933,745.704
2.1875,2.2125,537.404,564.275
2.2,2.225,510.052,439.822
2.2125,2.2375,429.809,371.086
2.225,2.25,353.785,341.32
2.2375,2.2625,312.46,282.748
2.25,2.275,253.591,241.517
2.2625,2.2875,221.762,209.329
2.275,2.3,174.409,160.62
2.2875,2.3125,151.994,133.841
2.3,2.325,7574.5,10845.7
2.3125,2.3375,40909.4,64918.2
2.325,2.35,40679.5,64588.3
2.3375,2.3625,8540.9,10857.8
2.35,2.375,7602.25,8495.87
2.3625,2.3875,6331.96,7298.08
2.375,2.4,5694.85,6475.76
2.3875,2.4125,4972,5092.76
2.4,2.425,3714.35,3910.29
2.4125,2.4375,3055.02,3558.09
2.425,2.45,2601.98,2971.73
2.4375,2.4625,2030.31,2552.48
2.45,2.475,1934.99,2317.58
2.4625,2.4875,1834.58,1911.13
2.475,2.5,1449.49,1572.02
2.4875,2.5125,1059.05,1247.3
2.5,2.525,948.122,986.157
2.5125,2.5375,870.543,918.089
2.525,2.55,723.619,809.149
2.5375,2.5625,577.085,641.648
2.55,2.575,486.344,447.592
2.5625,2.5875,412.978,397.703
2.575,2.6,369.817,343.301
2.5875,2.6125,313.412,309.6
2.6,2.625,254.734,285.012
2.6125,2.6375,226.805,220.87
2.625,2.65,182.664,169.422
2.6375,2.6625,163.649,152.305
2.65,2.675,156.983,152.643
2.6625,2.6875,151.324,138.171
2.675,2.7,125.93,104.566
2.6875,2.7125,101.367,101.445
2.7,2.725,79.989,95.7886
2.7125,2.7375,84.6721,90.6382
2.725,2.75,79.1345,76.9477
2.7375,2.7625,65.13,73.8382
2.75,2.775,67.4631,81.489
2.7625,2.7875,78.9582,77.5934
2.775,2.8,74.8517,79.6375
2.7875,2.8125,78.3203,76.2397
2.8,2.825,79.0965,58.5778
2.8125,2.8375,69.3642,60.6412
2.825,2.85,70.9029,75.2672
2.8375,2.8625,67.6176,73.4796
2.85,2.875,69.7659,62.6821
2.8625,2.8875,70.9531,59.526
2.875,2.9,69.6769,59.842
2.8875,2.9125,70.4758,61.4751
2.9,2.925,71.8803,62.2255
2.9125,2.9375,64.8179,63.7399
2.925,2.95,59.7245,65.9814
2.9375,2.9625,57.0455,61.203
2.95,2.975,55.9604,62.3697
2.9625,2.9875,57.8665,64.5266
2.975,3,62.7989,59.283
2.9875,3.0125,64.6969,56.2938
3,3.025,73.5681,57.2025
3.0125,3.0375,71.6839,57.8432
3.025,3.05,59.1428,60.505
3.0375,3.0625,60.0086,64.4625
3.05,3.075,60.5756,61.5465
3.0625,3.0875,63.8397,55.6997
3.075,3.1,60.9896,53.6046
3.0875,3.1125,59.5654,51.3406
3.1,3.125,57.1852,57.1187
3.1125,3.1375,63.087,66.3558
3.125,3.15,66.1672,59.9725
3.1375,3.1625,58.9669,51.2299
3.15,3.175,60.7646,49.2277
3.1625,3.1875,59.9669,58.7206
3.175,3.2,55.111,76.6383
3.1875,3.2125,10803.1,6752.27
3.2,3.225,11008.3,7109.79
3.2125,3.2375,2692.21,2683.25
3.225,3.25,2188.74,1986.75
3.2375,3.2625,1762.98,1768.76
3.25,3.275,1359.45,1524.02
3.2625,3.2875,1170.11,1223.61
3.275,3.3,969.563,1028.5
3.2875,3.3125,735.112,833.487
3.3,3.325,627.102,683.136
3.3125,3.3375,542.647,582.25
3.325,3.35,409.86,400.346
3.3375,3.3625,336.538,375.739
3.35,3.375,316.675,374.753
3.3625,3.3875,283.157,289.071
3.375,3.4,243.699,231.868
3.3875,3.4125,192.579,210.013
3.4,3.425,149.959,174.819
3.4125,3.4375,144.463,152.633
3.425,3.45,150.262,150.888
3.4375,3.4625,128.585,138.043
3.45,3.475,112.512,117.836
3.4625,3.4875,115.106,99.287
3.475,3.5,111.323,98.893
3.4875,3.5125,16674.5,8062.53
3.5,3.525,38647.3,31555
3.5125,3.5375,35105,31125.7
3.525,3.55,6044.85,7297.32
3.5375,3.5625,5732.37,5422.46
3.55,3.575,4692.45,5024
3.5625,3.5875,4184.15,4423.17
3.575,3.6,3439.63,3349.4
3.5875,3.6125,2365,2724.63
3.6,3.625,2043.76,2866.6
3.6125,3.6375,1756.04,2241.7
3.625,3.65,1687.41,1584.03
3.6375,3.6625,1446.95,1281.35
3.65,3.675,911.447,1057.76
3.6625,3.6875,777.018,842.041
3.675,3.7,763.428,756.142
3.6875,3.7125,671.499,723.138
3.7,3.725,522.703,646.392
3.7125,3.7375,472.165,536.139
3.725,3.75,415.374,422.358
3.7375,3.7625,365.886,321.456
3.75,3.775,295.995,306.858
3.7625,3.7875,231.386,269.601
3.775,3.8,198.226,226.375
3.7875,3.8125,179.53,195.577
3.8,3.825,161.273,166.702
3.8125,3.8375,151.885,139.925
3.825,3.85,139.392,129.15
3.8375,3.8625,118.918,125.386
3.85,3.875,105.092,107.966
3.8625,3.8875,103.558,94.8732
3.875,3.9,98.8899,87.3005
3.8875,3.9125,91.8827,77.7266
3.9,3.925,87.3624,78.6097
3.9125,3.9375,82.4573,75.7387
3.925,3.95,94.1604,83.3682
3.9375,3.9625,118.69,112.541
3.95,3.975,128.559,123.741
3.9625,3.9875,135.539,129.912
3.975,4,130.907,124.302
3.9875,4.0125,119.678,113.79
4,4.025,121.921,112.428
4.0125,4.0375,124.095,105.623
4.025,4.05,109.356,92.6019
4.0375,4.0625,94.0678,77.9133
4.05,4.075,104.954,82.3359
4.0625,4.0875,97.4264,84.6758
4.075,4.1,82.6399,80.7877
4.0875,4.1125,96.0534,75.2315
4.1,4.125,103.692,71.6507
4.1125,4.1375,85.6152,74.0745
4.125,4.15,62.4047,66.6641
4.1375,4.1625,61.3387,64.5673
4.15,4.175,72.4646,78.6544
4.1625,4.1875,82.4416,88.8147
4.175,4.2,80.8649,98.3967
4.1875,4.2125,74.1917,84.8319
4.2,4.225,75.6302,67.4604
4.2125,4.2375,75.7842,68.2302
4.225,4.25,72.975,61.6316
4.2375,4.2625,68.3177,58.5112
4.25,4.275,62.775,60.9698
4.2625,4.2875,62.6903,66.1667
4.275,4.3,62.2365,71.7178
4.2875,4.3125,58.5757,76.7206
4.3,4.325,60.8416,72.106
4.3125,4.3375,64.8466,61.1764
4.325,4.35,63.0523,56.8287
4.3375,4.3625,63.9118,65.0945
4.35,4.375,77.7222,68.6543
4.3625,4.3875,87.0439,75.664
4.375,4.4,90.0851,77.944
4.3875,4.4125,91.1958,72.505
4.4,4.425,89.7085,72.6881
4.4125,4.4375,84.8371,69.3462
4.425,4.45,86.8775,69.3496
4.4375,4.4625,89.0489,67.5876
4.45,4.475,82.2263,65.7054
4.4625,4.4875,75.8491,69.8726
4.475,4.5,68.0492,76.9784
4.4875,4.5125,11146.5,20149.9
4.5,4.525,12164.8,21065.6
4.5125,4.5375,5470.47,6689.02
4.525,4.55,3463.63,3521.11
4.5375,4.5625,3211.05,3122.43
4.55,4.575,2456.07,2697.64
4.5625,4.5875,1883.36,2244.3
4.575,4.6,1820.3,1846.96
4.5875,4.6125,1507.51,1335.11
4.6,4.625,1271.98,1132.47
4.6125,4.6375,973.062,1149.44
4.625,4.65,820.883,945.043
4.6375,4.6625,727.983,791.909
4.65,4.675,605.086,663.342
4.6625,4.6875,537.549,544.498
4.675,4.7,418.65,448.267
4.6875,4.7125,371.255,411.6
4.7,4.725,291.573,342.69
4.7125,4.7375,260.007,259.937
4.725,4.75,213.053,236.057
4.7375,4.7625,187.724,219.99
4.75,4.775,169.371,174.869
4.7625,4.7875,149.313,132.351
4.775,4.8,134.555,113.935
4.7875,4.8125,116.42,98.5032
4.8,4.825,36382.2,66669.5
4.8125,4.8375,58855.2,86371.8
4.825,4.85,47498.8,56541.9
4.8375,4.8625,15936.2,18272.4
4.85,4.875,15483.6,15460.3
4.8625,4.8875,11777.4,12310.6
4.875,4.9,8581.47,10461.5
4.8875,4.9125,8059.32,8491.52
4.9,4.925,6870.98,6150.46
4.9125,4.9375,5613.54,4975.52
4.925,4.95,4321.66,5140.35
4.9375,4.9625,3534.94,4166.82
4.95,4.975,3265.81,3173.38
4.9625,4.9875,2799.47,3020.66
4.975,5,2392.03,2485.2
4.9875,5.0125,1926.91,1858.01
5,5.025,1709.33,1794.51
5.0125,5.0375,1391.64,1625.95
5.025,5.05,1100.54,1173.89
5.0375,5.0625,978.979,995.502
5.05,5.075,856.616,1006.73
5.0625,5.0875,719.727,820.998
5.075,5.1,600.932,628.76
5.0875,5.1125,503.391,542.749
5.1,5.125,446.805,474.505
5.1125,5.1375,398.008,366.455
5.125,5.15,305.616,296.568
5.1375,5.1625,246.943,252.353
5.15,5.175,222.261,225.815
5.1625,5.1875,193.791,220.257
5.175,5.2,168.685,198.927
5.1875,5.2125,139.945,172.018
5.2,5.225,123.065,138.579
5.2125,5.2375,112.185,112.794
5.225,5.25,103.65,105.643
5.2375,5.2625,92.2613,99.279
5.25,5.275,83.9091,93.5239
5.2625,5.2875,79.7431,84.7728
5.275,5.3,77.7425,78.1221
5.2875,5.3125,70.7194,79.7393
5.3,5.325,68.0664,65.0711
5.3125,5.3375,65.8633,57.4698
5.325,5.35,63.9834,59.3303
5.3375,5.3625,66.8024,68.1584
5.35,5.375,67.6818,79.3319
5.3625,5.3875,73.2412,79.0312
5.375,5.4,110.729,68.8166
5.3875,5.4125,108.634,51.0107
5.4,5.425,69.7616,57.5632
5.4125,5.4375,60.9624,60.7377
5.425,5.45,55.8082,53.843
5.4375,5.4625,53.3461,54.7983
5.45,5.475,50.0507,53.7761
5.4625,5.4875,47.4018,54.9776
5.475,5.5,55.8759,56.2458
5.4875,5.5125,62.7464,49.8401
5.5,5.525,66.0522,53.8694
5.5125,5.5375,61.3998,58.4034
5.525,5.55,52.7,56.1174
5.5375,5.5625,55.0681,53.3921
5.55,5.575,61.8656,49.3787
5.5625,5.5875,60.7883,57.3869
5.575,5.6,59.4366,62.3436
5.5875,5.6125,13135.8,7414.86
5.6,5.625,17059.7,13300.6
5.6125,5.6375,11189.7,11371.9
5.625,5.65,3630.15,3592.59
5.6375,5.6625,3071.6,2864.49
5.65,5.675,2318.7,2331.9
5.6625,5.6875,2094.29,2001.51
5.675,5.7,1725.12,1530.25
5.6875,5.7125,1343.53,1364.56
5.7,5.725,1182.28,1124.34
5.7125,5.7375,943.904,919.143
5.725,5.75,760.398,749.758
5.7375,5.7625,675.974,644.354
5.75,5.775,565.518,576.761
5.7625,5.7875,456.925,442.505
5.775,5.8,389.749,389.781
5.7875,5.8125,359.022,372.181
5.8,5.825,286.589,320.772
5.8125,5.8375,219.545,266.797
5.825,5.85,199.367,215.385
5.8375,5.8625,188.278,176.363
5.85,5.875,162.821,175.836
5.8625,5.8875,146.191,160.026
5.875,5.9,137.937,133.717
5.8875,5.9125,106.839,110.933
5.9,5.925,88.4141,88.5156
5.9125,5.9375,83.7645,76.1337
5.925,5.95,79.5155,80.5726
5.9375,5.9625,72.7721,75.8316
5.95,5.975,64.0446,59.4185
5.9625,5.9875,62.6008,65.5418
5.975,6,62.8693,75.3099
5.9875,6.0125,65.2285,64.9762
6,6.025,68.1555,50.114
6.0125,6.0375,66.45,51.2456
6.025,6.05,8946.27,8881.79
6.0375,6.0625,9724.82,9502.53
6.05,6.075,4152.44,3726.38
6.0625,6.0875,2122.37,2188.33
6.075,6.1,1858.08,2034.86
6.0875,6.1125,1538.67,1688.65
6.1,6.125,1075.73,1347.32
6.1125,6.1375,962.992,1118.11
6.125,6.15,896.177,866.594
6.1375,6.1625,726.419,752.847
6.15,6.175,602.079,681.862
6.1625,6.1875,493.083,528.206
6.175,6.2,391.041,418.768
6.1875,6.2125,334.824,388.263
6.2,6.225,276.975,330.928
6.2125,6.2375,225.3,269.799
6.225,6.25,210.862,232.913
6.2375,6.2625,184.353,201.572
6.25,6.275,149.859,168.335
6.2625,6.2875,134.51,140.859
6.275,6.3,123.772,126.06
6.2875,6.3125,102.975,116.524
6.3,6.325,86.9958,108.139
6.3125,6.3375,78.6677,99.9668
6.325,6.35,79.3322,91.8839
6.3375,6.3625,99.1176,85.2465
6.35,6.375,92.577,79.1318
6.3625,6.3875,69.7441,79.321
6.375,6.4,70.8987,75.2305
6.3875,6.4125,66.3137,68.8264
6.4,6.425,1492.26,1649.02
6.4125,6.4375,10355.1,10830.9
6.425,6.45,10663,11147.1
6.4375,6.4625,3974.44,3864.88
6.45,6.475,3298.49,3051.09
6.4625,6.4875,2668.01,2585.53
6.475,6.5,2195.52,2160.68
6.4875,6.5125,1685.37,1783.41
6.5,6.525,1488.14,1517.05
6.5125,6.5375,1186.49,1316.17
6.525,6.55,988.648,1019.99
6.5375,6.5625,796.037,860.573
6.55,6.575,641.044,692.372
6.5625,6.5875,592.469,556.038
6.575,6.6,505.811,490.504
6.5875,6.6125,427.381,439.663
6.6,6.625,366.062,338.646
6.6125,6.6375,307.477,275.955
6.625,6.65,257.639,253.988
6.6375,6.6625,226.584,221.099
6.65,6.675,172.99,171.572
6.6625,6.6875,147.533,147.602
6.675,6.7,136.902,148.703
6.6875,6.7125,113.146,130.619
6.7,6.725,96.8101,108.96
6.7125,6.7375,91.4431,96.2079
6.725,6.75,90.6799,82.3175
6.7375,6.7625,94.1196,81.7922
6.75,6.775,88.5791,75.2506
6.7625,6.7875,75.4472,65.8339
6.775,6.8,67.2572,63.9868
6.7875,6.8125,64.5929,60.0581
6.8,6.825,62.6825,62.3641
6.8125,6.8375,56.2405,62.8176
6.825,6.85,57.9749,63.9598
6.8375,6.8625,61.419,61.1808
6.85,6.875,55.4407,59.5114
6.8625,6.8875,52.0268,60.294
6.875,6.9,53.9352,56.8333
6.8875,6.9125,57.2879,53.8679
6.9,6.925,57.3822,53.9343
6.9125,6.9375,51.2671,54.5129
6.925,6.95,53.7791,56.6553
6.9375,6.9625,57.8055,57.6178
6.95,6.975,56.1262,53.1932
6.9625,6.9875,62.4617,54.5183
6.975,7,68.1074,53.2896
6.9875,7.0125,60.6224,52.0418
7,7.025,55.6748,57.331
7.0125,7.0375,60.5211,63.5253
7.025,7.05,68.6211,58.8212
7.0375,7.0625,63.6409,51.1108
7.05,7.075,58.5033,57.8181
7.0625,7.0875,59.3549,65.6669
7.075,7.1,53.6844,57.9455
7.0875,7.1125,59.79,58.9626
7.1,7.125,62.2695,62.9922
7.1125,7.1375,61.0304,55.961
7.125,7.15,59.3396,53.3367
7.1375,7.1625,61.1337,51.2864
7.15,7.175,128.963,147.283
7.1625,7.1875,3161.7,3187.85
7.175,7.2,3264.88,3278.98
7.1875,7.2125,1056.27,1028.05
7.2,7.225,974.492,925.632
7.2125,7.2375,885.901,832.907
7.225,7.25,711.345,691.794
7.2375,7.2625,590.583,597.116
7.25,7.275,471.179,530.751
7.2625,7.2875,402.817,434.321
7.275,7.3,312.525,328.49
7.2875,7.3125,266.555,275.949
7.3,7.325,248.551,236.123
7.3125,7.3375,223.709,187.938
7.325,7.35,174.757,170.218
7.3375,7.3625,150.43,142.368
7.35,7.375,135.163,119.723
7.3625,7.3875,114.731,107.382
7.375,7.4,95.446,92.6617
7.3875,7.4125,85.7218,75.2847
7.4,7.425,76.6796,72.5836
7.4125,7.4375,76.2115,72.9117
7.425,7.45,71.5384,65.1545
7.4375,7.4625,62.7333,60.6284
7.45,7.475,58.3905,61.4736
7.4625,7.4875,53.4635,60.7964
7.475,7.5,58.9492,58.0686
7.4875,7.5125,1781.57,645.91
7.5,7.525,3452.31,3622.94
7.5125,7.5375,3060.71,3650.8
7.525,7.55,1052.7,1003.15
7.5375,7.5625,903.04,839.934
7.55,7.575,766.103,735.892
7.5625,7.5875,633.264,576.341
7.575,7.6,530.147,460.733
7.5875,7.6125,441.037,408.744
7.6,7.625,336.128,332.875
7.6125,7.6375,310.583,301.744
7.625,7.65,254.386,259.122
7.6375,7.6625,218.219,201.513
7.65,7.675,182.685,174.929
7.6625,7.6875,139.743,159.036
7.675,7.7,137.498,140.775
7.6875,7.7125,138.828,114.927
7.7,7.725,117.996,97.8373
7.7125,7.7375,90.9513,95.3429
7.725,7.75,83.0827,79.9658
7.7375,7.7625,76.3254,71.9018
7.75,7.775,63.2413,69.2081
7.7625,7.7875,64.1247,62.5816
7.775,7.8,64.4163,61.2543
7.7875,7.8125,56.3083,58.0136
7.8,7.825,59.9357,61.4006
7.8125,7.8375,89.4338,67.1143
7.825,7.85,6300.38,3632.59
7.8375,7.8625,6349.58,3824.24
7.85,7.875,3437.34,6250.11
7.8625,7.8875,3532.75,6250.86
7.875,7.9,1456.49,1528.68
7.8875,7.9125,1308.39,1200.16
7.9,7.925,1115.18,1077.17
7.9125,7.9375,853.919,1039.16
7.925,7.95,737.89,837.73
7.9375,7.9625,645.814,646.035
7.95,7.975,595.049,553.595
7.9625,7.9875,463.748,468.441
7.975,8,430.835,400.84
7.9875,8.0125,350.254,327.044
8,8.025,274.226,252.736
8.0125,8.0375,232.642,212.052
8.025,8.05,187.404,189.982
8.0375,8.0625,168.845,162.135
8.05,8.075,139.003,146.576
8.0625,8.0875,107.773,133.539
8.075,8.1,94.1498,109.361
8.0875,8.1125,95.2155,101.555
8.1,8.125,87.0876,93.5346
8.1125,8.1375,74.4728,93.0184
8.125,8.15,76.5849,86.4497
8.1375,8.1625,76.9409,66.3899
8.15,8.175,75.0254,65.971
8.1625,8.1875,230.155,258.137
8.175,8.2,3741.97,3107.38
8.1875,8.2125,3783.68,3149.67
8.2,8.225,824.916,729.95
8.2125,8.2375,790.205,688.634
8.225,8.25,719.376,641.918
8.2375,8.2625,560.781,468.947
8.25,8.275,421.153,387.03
8.2625,8.2875,363.11,360.965
8.275,8.3,297.526,294.279
8.2875,8.3125,218.769,219.18
8.3,8.325,192.337,205.254
8.3125,8.3375,179.712,203.042
8.325,8.35,164.285,165.726
8.3375,8.3625,144.618,124.686
8.35,8.375,112.18,108.959
8.3625,8.3875,93.667,95.9695
8.375,8.4,93.5568,81.292
8.3875,8.4125,99.4058,66.5631
8.4,8.425,91.3761,69.6101
8.4125,8.4375,76.4916,67.2396
8.425,8.45,76.4509,66.8833
8.4375,8.4625,67.3851,65.5897
8.45,8.475,55.9574,53.4435
8.4625,8.4875,57.7851,50.3862
8.475,8.5,57.0309,53.1658
8.4875,8.5125,54.8689,56.644
8.5,8.525,57.5349,61.1175
8.5125,8.5375,58.5075,65.4084
8.525,8.55,116.852,256.645
8.5375,8.5625,3697.6,5484.82
8.55,8.575,4546.16,5698.88
8.5625,8.5875,2704.18,1688.78
8.575,8.6,820.901,835.391
8.5875,8.6125,772.505,793.665
8.6,8.625,657.845,710.422
8.6125,8.6375,559.159,527.112
8.625,8.65,431.73,395.421
8.6375,8.6625,381.987,317.385
8.65,8.675,310.532,289.613
8.6625,8.6875,248.608,250.527
8.675,8.7,224.217,190.873
8.6875,8.7125,173.074,157.228
8.7,8.725,144.997,144.528
8.7125,8.7375,138.789,129.668
8.725,8.75,131.808,105.754
8.7375,8.7625,117.468,89.2491
8.75,8.775,108.069,78.5522
8.7625,8.7875,85.818,72.9587
8.775,8.8,76.6744,73.9708
8.7875,8.8125,74.4742,72.8157
8.8,8.825,71.896,64.9464
8.8125,8.8375,73.1151,60.7731
8.825,8.85,73.9665,58.6498
8.8375,8.8625,71.8581,53.5321
8.85,8.875,77.2562,56.8545
8.8625,8.8875,83.8831,58.0482
8.875,8.9,73.0808,53.7644
8.8875,8.9125,82.0185,64.5086
8.9,8.925,4453.74,1606.29
8.9125,8.9375,6117.44,7021.66
8.925,8.95,4430.1,7017.37
8.9375,8.9625,1601.67,1802.17
8.95,8.975,1050.6,1201.65
8.9625,8.9875,1073.74,1117.76
8.975,9,926.129,900.762
8.9875,9.0125,680.247,684.589
9,9.025,613.878,579.805
9.0125,9.0375,562.906,490.243
9.025,9.05,439.198,427.075
9.0375,9.0625,390.621,359.691
9.05,9.075,349.482,299.171
9.0625,9.0875,259.597,255.347
9.075,9.1,236.207,205.477
9.0875,9.1125,203.71,181.041
9.1,9.125,197.169,138.549
9.1125,9.1375,175.236,125.65
9.125,9.15,123.923,121.662
9.1375,9.1625,107.404,103.988
9.15,9.175,99.2656,93.7791
9.1625,9.1875,102.379,94.6853
9.175,9.2,100.344,93.0751
9.1875,9.2125,97.6303,87.6305
9.2,9.225,88.9536,78.1761
9.2125,9.2375,70.4963,76.7523
9.225,9.25,72.5936,79.8142
9.2375,9.2625,87.9121,84.1433
9.25,9.275,1226.35,750.302
9.2625,9.2875,2523.78,4108.35
9.275,9.3,2287.13,4084.26
9.2875,9.3125,827.244,802.757
9.3,9.325,751.227,779.676
9.3125,9.3375,662.311,703.026
9.325,9.35,556.664,517.498
9.3375,9.3625,452.049,413.835
9.35,9.375,393.032,355.155
9.3625,9.3875,311.98,309.554
9.375,9.4,264.838,265.129
9.3875,9.4125,237.889,243.08
9.4,9.425,207.635,228.856
9.4125,9.4375,189.911,194.7
9.425,9.45,164.403,159.713
9.4375,9.4625,150.332,155.706
9.45,9.475,130.373,153.56
9.4625,9.4875,115.742,121.711
9.475,9.5,101.823,112.599
9.4875,9.5125,94.8906,120.324
9.5,9.525,93.6386,108.956
9.5125,9.5375,97.6004,99.0749
9.525,9.55,111.54,120.973
9.5375,9.5625,98.3954,118.025
9.55,9.575,88.2704,110.448
9.5625,9.5875,98.3608,113.879
9.575,9.6,96.3238,103.282
9.5875,9.6125,113.302,100.907
9.6,9.625,1366.86,999.046
9.6125,9.6375,1431.73,1076.51
9.625,9.65,2008.67,2636.25
9.6375,9.6625,2031.67,2651.64
9.65,9.675,711.603,655.346
9.6625,9.6875,605.822,537.594
9.675,9.7,500.685,423.768
9.6875,9.7125,396.573,346.374
9.7,9.725,295.114,287.79
9.7125,9.7375,275.512,258.053
9.725,9.75,257.083,235.98
9.7375,9.7625,201.046,203.997
9.75,9.775,145.33,163.182
9.7625,9.7875,130.477,135.115
9.775,9.8,128.198,123.778
9.7875,9.8125,110.243,116.032
9.8,9.825,91.6936,101.978
9.8125,9.8375,94.8624,77.8512
9.825,9.85,98.6327,76.4824
9.8375,9.8625,92.9324,75.6606
9.85,9.875,98.7061,69.7415
9.8625,9.8875,101.785,69.386
9.875,9.9,96.5018,68.8054
9.8875,9.9125,82.8514,67.1218
9.9,9.925,72.5068,58.3762
9.9125,9.9375,72.3453,55.7502
9.925,9.95,66.4852,56.7952
9.9375,9.9625,181.628,265.357
9.95,9.975,3163.1,2691.17
9.9625,9.9875,3241.76,2835.64
9.975,10,1516.78,1574.34
9.9875,10.0125,1434.11,1412.48
10,10.025,702.83,746.96
10.0125,10.0375,567.647,531.862
10.025,10.05,450.153,477.717
10.0375,10.0625,423.336,440.694
10.05,10.075,374.8,348.102
10.0625,10.0875,302.437,299.13
10.075,10.1,260.85,271.658
10.0875,10.1125,196.841,211.791
10.1,10.125,172.606,163.508
10.1125,10.1375,149.272,133.455
10.125,10.15,135.119,110.322
10.1375,10.1625,110.914,104.005
10.15,10.175,89.0114,95.6184
10.1625,10.1875,93.7357,96.0682
10.175,10.2,95.1563,89.6025
10.1875,10.2125,89.5011,87.7704
10.2,10.225,82.6684,88.9959
10.2125,10.2375,75.6776,86.294
10.225,10.25,71.9695,77.3796
10.2375,10.2625,65.6213,70.4806
10.25,10.275,104.339,85.2387
10.2625,10.2875,115.522,86.865
10.275,10.3,78.3126,69.634
10.2875,10.3125,70.046,81.3953
10.3,10.325,70.1421,95.7025
10.3125,10.3375,144.549,121.921
10.325,10.35,1212.27,1167.8
10.3375,10.3625,5881.1,6741.91
10.35,10.375,7144.91,7645.13
10.3625,10.3875,4445.02,4097.46
10.375,10.4,2001.57,2093.23
10.3875,10.4125,1862.28,1764.02
10.4,10.425,1392.57,1379.41
10.4125,10.4375,989.651,1141.66
10.425,10.45,884.889,994.922
10.4375,10.4625,836.414,817.257
10.45,10.475,657.253,651.678
10.4625,10.4875,551.681,537.788
10.475,10.5,487.336,456.114
10.4875,10.5125,424.445,389.794
10.5,10.525,348.312,313.451
10.5125,10.5375,284.967,284.472
10.525,10.55,242.309,261.923
10.5375,10.5625,185.102,213.337
10.55,10.575,179.712,173.129
10.5625,10.5875,169.419,154.088
10.575,10.6,135.405,135.531
10.5875,10.6125,117.995,124.72
10.6,10.625,103.036,122.437
10.6125,10.6375,94.1492,108.282
10.625,10.65,92.5433,102.818
10.6375,10.6625,91.8825,95.804
10.65,10.675,84.4552,88.8049
10.6625,10.6875,79.0788,91.0008
10.675,10.7,75.5781,77.5685
10.6875,10.7125,82.6611,69.6108
10.7,10.725,81.6285,75.7509
10.7125,10.7375,60.5714,73.6208
10.725,10.75,58.601,107.537
10.7375,10.7625,6752.36,9766.48
10.75,10.775,9532.03,11244.8
10.7625,10.7875,7158.6,6014.45
10.775,10.8,3254.08,3144.28
10.7875,10.8125,2886.84,2924.53
10.8,10.825,2447.01,2412.47
10.8125,10.8375,1819.24,1877.31
10.825,10.85,1445.78,1555.79
10.8375,10.8625,1445.64,1226.99
10.85,10.875,1231.06,1010.78
10.8625,10.8875,850.444,865.572
10.875,10.9,644.199,723.289
10.8875,10.9125,583.927,595.385
10.9,10.925,579.477,446.414
10.9125,10.9375,475.1,415.385
10.925,10.95,355.571,369.878
10.9375,10.9625,319.446,303.724
10.95,10.975,277.905,297.943
10.9625,10.9875,229.015,272.206
10.975,11,185.057,203.359
10.9875,11.0125,162.838,154.655
11,11.025,143.05,150.516
11.0125,11.0375,127.332,134.938
11.025,11.05,111.695,126.16
11.0375,11.0625,102.575,98.6971
11.05,11.075,96.4951,89.4848
11.0625,11.0875,83.7003,85.772
11.075,11.1,74.4447,81.1801
11.0875,11.1125,4425.01,6619.89
11.1,11.125,37497.2,48783.8
11.1125,11.1375,37542.4,48661.6
11.125,11.15,6550.79,7336.38
11.1375,11.1625,5944.53,6698.2
11.15,11.175,5252.67,5920.2
11.1625,11.1875,4354.76,4527.68
11.175,11.2,3768.5,3891.43
11.1875,11.2125,3492.58,3191.73
11.2,11.225,2651.44,2505.67
11.2125,11.2375,1957.12,2230.73
11.225,11.25,1700,1839
11.2375,11.2625,1496.84,1474.33
11.25,11.275,1239.18,1281.62
11.2625,11.2875,1020.2,1022.32
11.275,11.3,849.603,850.376
11.2875,11.3125,729.591,760.598
11.3,11.325,602.749,615.788
11.3125,11.3375,475.187,565.772
11.325,11.35,416.087,439.2
11.3375,11.3625,368.085,352.223
11.35,11.375,339.309,345.461
11.3625,11.3875,297.928,278.832
11.375,11.4,220.026,214.629
11.3875,11.4125,189.363,192.352
11.4,11.425,175.935,187.916
11.4125,11.4375,152.863,193.326
11.425,11.45,154.892,182.229
11.4375,11.4625,145.379,175.739
11.45,11.475,144.603,176.393
11.4625,11.4875,150.093,178.83
11.475,11.5,153.446,195.156
11.4875,11.5125,155.577,200.338
11.5,11.525,152.807,218.385
11.5125,11.5375,161.504,221.107
11.525,11.55,168.083,216.081
11.5375,11.5625,178.085,248.161
11.55,11.575,176.124,245.357
11.5625,11.5875,165.151,204.779
11.575,11.6,162.589,194.453
11.5875,11.6125,22780.5,33438
11.6,11.625,26852.7,36928.5
11.6125,11.6375,14753,16238.1
11.625,11.65,5471.13,6101.06
11.6375,11.6625,5087.36,5734.66
11.65,11.675,4618.65,4744.54
11.6625,11.6875,3928.28,4003.44
11.675,11.7,3033.08,3231.02
11.6875,11.7125,2675.03,2465.47
11.7,11.725,2213.8,2232.08
11.7125,11.7375,1661.2,1860.96
11.725,11.75,1445.76,1450.46
11.7375,11.7625,1244.43,1217.34
11.75,11.775,1150.6,1078.13
11.7625,11.7875,878.895,857.931
11.775,11.8,756.808,716.192
11.7875,11.8125,648.93,622.631
11.8,11.825,475.117,561.712
11.8125,11.8375,437.449,518.092
11.825,11.85,407.471,456.16
11.8375,11.8625,354.358,393.637
11.85,11.875,325.514,324.249
11.8625,11.8875,276.118,271.749
11.875,11.9,244.735,301.495
11.8875,11.9125,237.246,307.265
11.9,11.925,231.576,306.317
11.9125,11.9375,198.706,292.7
11.925,11.95,175.694,227.702
11.9375,11.9625,180.098,205.155
11.95,11.975,163.998,204.791
11.9625,11.9875,157.677,216.664
11.975,12,153.827,197.768
11.9875,12.0125,155.421,187.911
12,12.025,164.173,203.24
12.0125,12.0375,160.606,193.131
12.025,12.05,148.1,182.394
12.0375,12.0625,146.063,187.212
12.05,12.075,144.6,181.619
12.0625,12.0875,120.958,165.817
12.075,12.1,118.385,168.657
12.0875,12.1125,119.279,152.979
12.1,12.125,125.141,157.221
12.1125,12.1375,125.143,164.553
12.125,12.15,31347.5,39317
12.1375,12.1625,33878.8,41264.7
12.15,12.175,14102.1,13751.9
12.1625,12.1875,7809.35,7546.61
12.175,12.2,6543.79,7248.61
12.1875,12.2125,5021.81,6394.58
12.2,12.225,4117.67,4780.75
12.2125,12.2375,3642.65,4107.13
12.225,12.25,3158.93,3470.09
12.2375,12.2625,2717.09,2815.4
12.25,12.275,2179.1,2353.75
12.2625,12.2875,1609.89,2121.92
12.275,12.3,1460.55,1775.52
12.2875,12.3125,1255.67,1367.14
12.3,12.325,1042.27,1126.09
12.3125,12.3375,852.213,976.211
12.325,12.35,798.492,818.748
12.3375,12.3625,747.627,658.684
12.35,12.375,556.403,598.97
12.3625,12.3875,459.151,544.709
12.375,12.4,384.635,459.505
12.3875,12.4125,314.327,395.673
12.4,12.425,274.714,306.303
12.4125,12.4375,241.897,243.113
12.425,12.45,217.891,202.553
12.4375,12.4625,202.569,185.405
12.45,12.475,170.094,168.424
12.4625,12.4875,141.289,138.679
12.475,12.5,126.62,124.434
12.4875,12.5125,109.852,112.015
12.5,12.525,98.6245,93.678
12.5125,12.5375,89.4976,90.9363
12.525,12.55,84.3566,84.6696
12.5375,12.5625,79.0706,76.9713
12.55,12.575,76.1015,78.9907
12.5625,12.5875,76.8073,80.4231
12.575,12.6,74.3887,85.55
12.5875,12.6125,81.9864,90.5374
12.6,12.625,89.1969,95.3884
12.6125,12.6375,100.93,98.5159
12.625,12.65,107.139,98.8591
12.6375,12.6625,109.911,106.035
12.65,12.675,118.363,110.355
12.6625,12.6875,140.179,138.711
12.675,12.7,141.635,141.058
12.6875,12.7125,121.034,141.065
12.7,12.725,114.12,147.162
12.7125,12.7375,114.265,168.585
12.725,12.75,129.606,193.702
12.7375,12.7625,125.631,160.25
12.75,12.775,147.332,160.275
12.7625,12.7875,4483.06,3806.44
12.775,12.8,5047.73,4899.39
12.7875,12.8125,3127.51,3341.3
12.8,12.825,2199.04,1456.52
12.8125,12.8375,964,887.948
12.825,12.85,867.704,757.441
12.8375,12.8625,688.262,654.544
12.85,12.875,541.768,507.258
12.8625,12.8875,417.656,411.914
12.875,12.9,363,334.841
12.8875,12.9125,310.951,265.353
12.9,12.925,248.445,210.045
12.9125,12.9375,194.722,198.616
12.925,12.95,181.364,174.929
12.9375,12.9625,152.991,151.538
12.95,12.975,135.437,139.389
12.9625,12.9875,124.56,116.835
12.975,13,121.697,103.222
12.9875,13.0125,107.533,99.8085
13,13.025,94.3465,102.149
13.0125,13.0375,98.2977,96.0566
13.025,13.05,96.7628,83.6977
13.0375,13.0625,86.3179,80.0521
13.05,13.075,94.3745,97.5063
13.0625,13.0875,103.122,111.575
13.075,13.1,93.6878,102.78
13.0875,13.1125,79.3244,98.605
13.1,13.125,107.193,160.25
13.1125,13.1375,7031.66,5424.89
13.125,13.15,7165.99,5627.35
13.1375,13.1625,1533.82,1616.74
13.15,13.175,917.556,855.272
13.1625,13.1875,840.596,759.911
13.175,13.2,658.875,641.218
13.1875,13.2125,529.042,593.713
13.2,13.225,490.738,484.356
13.2125,13.2375,387.566,372.606
13.225,13.25,334.287,319.819
13.2375,13.2625,302.786,295.065
13.25,13.275,247.436,249.728
13.2625,13.2875,206.4,213.608
13.275,13.3,177.741,176.712
13.2875,13.3125,167.987,165.641
13.3,13.325,155.668,146.746
13.3125,13.3375,132.748,133.152
13.325,13.35,118.613,133.562
13.3375,13.3625,114.222,125.265
13.35,13.375,116.385,104.217
13.3625,13.3875,109.919,95.4631
13.375,13.4,104.09,106.043
13.3875,13.4125,101.025,106.119
13.4,13.425,100.183,93.2406
13.4125,13.4375,119.983,99.3823
13.425,13.45,124.596,98.3324
13.4375,13.4625,114.122,90.4918
13.45,13.475,104.779,97.9094
13.4625,13.4875,89.0698,102.838
13.475,13.5,168.564,187.228
13.4875,13.5125,6539.42,7086.82
13.5,13.525,6667.48,7183.64
13.5125,13.5375,1428.4,1314.32
13.525,13.55,818.852,967.846
13.5375,13.5625,777.54,949.466
13.55,13.575,665.818,691.368
13.5625,13.5875,536.545,578.268
13.575,13.6,415.329,462.054
13.5875,13.6125,352.884,417.043
13.6,13.625,305.776,369.251
13.6125,13.6375,259.652,271.404
13.625,13.65,215.674,231.28
13.6375,13.6625,184.15,188.623
13.65,13.675,165.538,176.495
13.6625,13.6875,148.033,163.598
13.675,13.7,131.547,147.431
13.6875,13.7125,114.151,137.365
13.7,13.725,108.758,128.345
13.7125,13.7375,109.392,109.332
13.725,13.75,116.316,114.692
13.7375,13.7625,112.845,125.746
13.75,13.775,100.883,112.567
13.7625,13.7875,88.9291,105.413
13.775,13.8,87.128,105.189
13.7875,13.8125,93.0593,97.3834
13.8,13.825,115.3,102.987
13.8125,13.8375,124.556,95.6161
13.825,13.85,126.857,82.3408
13.8375,13.8625,125.771,82.0923
13.85,13.875,99.53,79.5184
13.8625,13.8875,74.7484,79.626
13.875,13.9,80.0097,78.2554
13.8875,13.9125,95.6815,72.6732
13.9,13.925,101.38,71.5709
13.9125,13.9375,88.3275,86.6505
13.925,13.95,67.5056,94.9384
13.9375,13.9625,65.4797,89.4024
13.95,13.975,68.8972,79.5794
13.9625,13.9875,87.8454,71.7833
13.975,14,115.62,77.5091
13.9875,14.0125,128.016,83.0408
14,14.025,114.277,98.6723
14.0125,14.0375,95.7234,100.512
14.025,14.05,95.4304,85.8008
14.0375,14.0625,98.4164,95.3873
14.05,14.075,107.352,110.297
14.0625,14.0875,118.352,115.338
14.075,14.1,118.125,123.145
14.0875,14.1125,113.947,127.476
14.1,14.125,125.328,122.019
14.1125,14.1375,122.588,118.939
14.125,14.15,122.307,137.464
14.1375,14.1625,132.734,144.765
14.15,14.175,124.442,125.252
14.1625,14.1875,126.338,128.26
14.175,14.2,132.849,128.533
14.1875,14.2125,136.76,139.595
14.2,14.225,128.586,149.864
14.2125,14.2375,8220.18,8408.49
14.225,14.25,8387.1,8536.94
14.2375,14.2625,2226.99,1872.02
14.25,14.275,1821.24,1676.65
14.2625,14.2875,1425.33,1509.04
14.275,14.3,1244.19,1156.29
14.2875,14.3125,1068.59,998.486
14.3,14.325,852.451,891.442
14.3125,14.3375,637.362,815.741
14.325,14.35,562.804,649.724
14.3375,14.3625,516.144,491.193
14.35,14.375,491.204,457.931
14.3625,14.3875,429.41,354.768
14.375,14.4,351.304,308.204
14.3875,14.4125,302.233,275.462
14.4,14.425,246.803,221.01
14.4125,14.4375,233.1,207.824
14.425,14.45,188.463,204.512
14.4375,14.4625,175.037,183.788
14.45,14.475,194.221,181.742
14.4625,14.4875,198.009,173.69
14.475,14.5,180.505,174.012
14.4875,14.5125,6812.17,5376.99
14.5,14.525,7588.83,6144.08
14.5125,14.5375,3517.96,3141.64
14.525,14.55,1492.04,1296.69
14.5375,14.5625,1277.38,1121.15
14.55,14.575,932.115,1033.69
14.5625,14.5875,716.884,905.916
14.575,14.6,626.69,745.776
14.5875,14.6125,523.015,606.127
14.6,14.625,479.538,507.858
14.6125,14.6375,428.883,447.361
14.625,14.65,370.92,405.575
14.6375,14.6625,346.861,364.159
14.65,14.675,265.978,309.854
14.6625,14.6875,207.707,240.023
14.675,14.7,190.064,222.14
14.6875,14.7125,167.996,192.954
14.7,14.725,141.876,161.558
14.7125,14.7375,134.468,140.077
14.725,14.75,128.068,114.182
14.7375,14.7625,113.61,99.8652
14.75,14.775,101.751,108.93
14.7625,14.7875,94.9257,104.035
14.775,14.8,83.601,87.9068
14.7875,14.8125,71.7863,80.5582
14.8,14.825,66.355,71.5025
14.8125,14.8375,14592.6,12390.3
14.825,14.85,15152.6,12812.4
14.8375,14.8625,4885.55,3718.13
14.85,14.875,3247.06,2379.33
14.8625,14.8875,2264.59,2143.21
14.875,14.9,2155.92,2004.09
14.8875,14.9125,1943.01,1659.91
14.9,14.925,1302.2,1188.85
14.9125,14.9375,1174.29,1045.2
14.925,14.95,1035.42,943.807
14.9375,14.9625,835.317,720.671
14.95,14.975,587.921,519.699
14.9625,14.9875,468.4,506.41
14.975,15,478.06,465.823
14.9875,15.0125,480.518,397.6
15,15.025,375.6,357.924
15.0125,15.0375,253.857,311.631
15.025,15.05,222.191,288.037
15.0375,15.0625,211.096,241.89
15.05,15.075,187.535,215.896
15.0625,15.0875,151.715,155.511
15.075,15.1,139.067,140.002
15.0875,15.1125,132.506,100.181
15.1,15.125,110.548,94.5363
15.1125,15.1375,97.8496,92.4428
15.125,15.15,106.902,89.3571
15.1375,15.1625,103.583,86.4851
15.15,15.175,104.327,78.9758
15.1625,15.1875,103.164,79.4301
15.175,15.2,97.4896,84.9621
15.1875,15.2125,100.756,89.1761
15.2,15.225,88.7547,91.0731
15.2125,15.2375,68.4071,85.9109
15.225,15.25,75.4264,76.7492
15.2375,15.2625,84.9975,104.403
15.25,15.275,77.6363,108.931
15.2625,15.2875,67.798,82.0836
15.275,15.3,78.2199,83.6099
15.2875,15.3125,85.7311,86.033
15.3,15.325,165.415,115.308
15.3125,15.3375,2130.93,1355.67
15.325,15.35,2137.54,1379.62
15.3375,15.3625,5945.33,8398.43
15.35,15.375,6281.02,8539.03
15.3625,15.3875,2242.39,1731.58
15.375,15.4,1431.51,1008.84
15.3875,15.4125,1313.55,1059.89
15.4,15.425,891.657,958.279
15.4125,15.4375,651.949,685.79
15.425,15.45,638.129,579.502
15.4375,15.4625,598.473,492.17
15.45,15.475,453.128,419.585
15.4625,15.4875,357.291,342.635
15.475,15.5,312.977,297.78
15.4875,15.5125,263.55,244.993
15.5,15.525,206.744,189.378
15.5125,15.5375,194.519,170.978
15.525,15.55,173.473,140.539
15.5375,15.5625,151.976,128.421
15.55,15.575,134.915,126.247
15.5625,15.5875,110.661,110.559
15.575,15.6,93.4937,89.1851
15.5875,15.6125,88.4071,96.7726
15.6,15.625,90.6258,105.399
15.6125,15.6375,83.7729,87.3372
15.625,15.65,85.6263,70.1853
15.6375,15.6625,83.1649,65.7138
15.65,15.675,76.206,62.0502
15.6625,15.6875,73.3087,59.1296
15.675,15.7,70.742,52.1684
15.6875,15.7125,68.3968,55.7659
15.7,15.725,64.2096,61.0066
15.7125,15.7375,62.7948,60.9685
15.725,15.75,59.3404,65.6281
15.7375,15.7625,69.5029,60.9082
15.75,15.775,71.4249,57.551
15.7625,15.7875,60.4051,58.7686
15.775,15.8,63.151,58.1139
15.7875,15.8125,60.4111,61.1953
15.8,15.825,59.8627,55.0732
15.8125,15.8375,64.6047,58.0104
15.825,15.85,63.352,68.1261
15.8375,15.8625,68.1078,66.2444
15.85,15.875,71.2466,56.8421
15.8625,15.8875,64.6679,58.7089
15.875,15.9,65.3055,61.7423
15.8875,15.9125,60.9957,49.4767
15.9,15.925,68.5981,46.2225
15.9125,15.9375,79.3039,54.8938
15.925,15.95,70.8626,64.01
15.9375,15.9625,70.682,64.4809
15.95,15.975,83.7196,61.2631
15.9625,15.9875,72.8883,62.3203
15.975,16,56.2869,58.5103
15.9875,16.0125,62.8204,55.1045
16,16.025,187.042,80.3377
16.0125,16.0375,4069.13,2545.79
16.025,16.05,4121.14,5279.51
16.0375,16.0625,2881.29,5598.84
16.05,16.075,2859.63,3207.94
16.0625,16.0875,792.244,779.153
16.075,16.1,785.448,721.594
16.0875,16.1125,682.23,633.033
16.1,16.125,502.995,497.647
16.1125,16.1375,477.102,422.601
16.125,16.15,450.181,385.985
16.1375,16.1625,346.04,340.135
16.15,16.175,248.587,266.789
16.1625,16.1875,224.927,233.044
16.175,16.2,183.701,207.994
16.1875,16.2125,163.145,164.295
16.2,16.225,158.381,131.344
16.2125,16.2375,132.87,124.148
16.225,16.25,122.264,125.095
16.2375,16.2625,120.851,106.507
16.25,16.275,115.734,94.9564
16.2625,16.2875,109.458,87.326
16.275,16.3,103.46,78.0131
16.2875,16.3125,87.9321,71.9583
16.3,16.325,78.8212,62.7037
16.3125,16.3375,82.1076,61.0221
16.325,16.35,73.9153,63.9907
16.3375,16.3625,60.6546,61.7528
16.35,16.375,54.445,60.79
16.3625,16.3875,56.8279,56.5012
16.375,16.4,57.8202,51.1305
16.3875,16.4125,60.0602,54.2469
16.4,16.425,61.0855,52.6112
16.4125,16.4375,59.8997,52.7122
16.425,16.45,60.8094,56.302
16.4375,16.4625,67.2062,62.7169
16.45,16.475,66.4099,63.2903
16.4625,16.4875,65.8346,59.7156
16.475,16.5,69.7645,58.3209
16.4875,16.5125,176.304,118.961
16.5,16.525,2769.58,1384.4
16.5125,16.5375,2836.07,1596.41
16.525,16.55,671.046,830.746
16.5375,16.5625,319.548,299.176
16.55,16.575,293.379,287.312
16.5625,16.5875,235.071,253.492
16.575,16.6,202.078,208.151
16.5875,16.6125,181.07,176.479
16.6,16.625,152.816,153.546
16.6125,16.6375,128.164,131.782
16.625,16.65,116.082,104.669
16.6375,16.6625,106.959,91.9915
16.65,16.675,93.5192,96.6548
16.6625,16.6875,82.0808,92.1596
16.675,16.7,89.3639,84.9299
16.6875,16.7125,83.6098,88.6374
16.7,16.725,74.2936,86.4301
16.7125,16.7375,74.3134,67.8815
16.725,16.75,71.3557,58.4801
16.7375,16.7625,67.4811,66.8299
16.75,16.775,71.2672,71.3045
16.7625,16.7875,71.6694,64.4307
16.775,16.8,65.9941,64.2798
16.7875,16.8125,67.2835,60.4569
16.8,16.825,71.9612,56.2633
16.8125,16.8375,93.6004,67.8224
16.825,16.85,93.4498,73.6176
16.8375,16.8625,73.7994,72.3156
16.85,16.875,74.3509,87.9183
16.8625,16.8875,77.3609,99.1676
16.875,16.9,79.2331,90.4783
16.8875,16.9125,98.8997,96.9606
16.9,16.925,2439.96,370.39
16.9125,16.9375,3044.65,1363.93
16.925,16.95,1836.17,1339.48
16.9375,16.9625,315.486,356.79
16.95,16.975,295.979,314.811
16.9625,16.9875,240.467,253.784
16.975,17,197.811,223.616
16.9875,17.0125,183.318,193.657
17,17.025,154.929,168.416
17.0125,17.0375,136.319,157.886
17.025,17.05,133.511,148.157
17.0375,17.0625,129.661,146.78
17.05,17.075,147.689,156.296
17.0625,17.0875,143.099,158.402
17.075,17.1,124.429,149.195
17.0875,17.1125,127.926,145.853
17.1,17.125,129.234,153.598
17.1125,17.1375,130.831,166.847
17.125,17.15,139.615,167.421
17.1375,17.1625,128.484,140.392
17.15,17.175,110.208,119.314
17.1625,17.1875,119.96,144.725
17.175,17.2,122.41,141.343
17.1875,17.2125,124.466,126.412
17.2,17.225,130.364,146.784
17.2125,17.2375,135.215,158.552
17.225,17.25,136.588,148.665
17.2375,17.2625,128.165,141.154
17.25,17.275,123.261,149.024
17.2625,17.2875,115.365,145.44
17.275,17.3,111.928,145.557
17.2875,17.3125,122.017,138.958
17.3,17.325,152.817,138.63
17.3125,17.3375,2703.48,762.008
17.325,17.35,4061.6,6179.81
17.3375,17.3625,3091.21,6163.62
17.35,17.375,784.325,745.375
17.3625,17.3875,722.085,661.918
17.375,17.4,682.392,605.977
17.3875,17.4125,594.994,490.961
17.4,17.425,489.16,433.859
17.4125,17.4375,372.644,337.311
17.425,17.45,283.725,312.289
17.4375,17.4625,243.591,265.643
17.45,17.475,230.28,212.222
17.4625,17.4875,198.395,183.559
17.475,17.5,155.42,152.631
17.4875,17.5125,130.527,129.555
17.5,17.525,107.062,110.99
17.5125,17.5375,102.517,106.145
17.525,17.55,82.808,95.5385
17.5375,17.5625,75.3046,77.3065
17.55,17.575,72.3831,64.1598
17.5625,17.5875,73.0506,60.1033
17.575,17.6,71.0635,64.0563
17.5875,17.6125,67.4773,67.5117
17.6,17.625,62.1239,64.8325
17.6125,17.6375,59.776,60.0948
17.625,17.65,61.2913,60.4246
17.6375,17.6625,54.3847,57.8
17.65,17.675,50.1197,49.2415
17.6625,17.6875,46.5983,47.0144
17.675,17.7,50.3844,53.7455
17.6875,17.7125,51.6507,60.3031
17.7,17.725,65.383,75.4146
17.7125,17.7375,934.61,279.225
17.725,17.75,2206.27,3852.63
17.7375,17.7625,2467.22,4057.5
17.75,17.775,1540.2,1406.75
17.7625,17.7875,764.559,716.392
17.775,17.8,699.833,665.884
17.7875,17.8125,533.899,587.705
17.8,17.825,403.61,467.812
17.8125,17.8375,378.411,398.858
17.825,17.85,332.168,352.436
17.8375,17.8625,273.642,287.619
17.85,17.875,262.026,221.873
17.8625,17.8875,204.804,189.244
17.875,17.9,176.691,155.793
17.8875,17.9125,168.081,127.501
17.9,17.925,152.985,136.405
17.9125,17.9375,137.253,129.428
17.925,17.95,120.075,108.894
17.9375,17.9625,117.567,111.113
17.95,17.975,122.271,109.455
17.9625,17.9875,121.489,103.285
17.975,18,119.411,101.933
17.9875,18.0125,115.499,94.3171
18,18.025,107.434,89.9688
18.0125,18.0375,114.75,94.0883
18.025,18.05,129.812,92.6046
18.0375,18.0625,121.774,86.047
18.05,18.075,106.948,96.5514
18.0625,18.0875,134.334,100.946
18.075,18.1,144.615,96.7345
18.0875,18.1125,142.504,90.3314
18.1,18.125,141.025,89.2141
18.1125,18.1375,221.693,208.969
18.125,18.15,2968.43,3110.92
18.1375,18.1625,3147.91,3252.22
18.15,18.175,1167.26,1052.95
18.1625,18.1875,638.233,599.435
18.175,18.2,550.103,573.479
18.1875,18.2125,440.107,464.579
18.2,18.225,371.436,368.849
18.2125,18.2375,326.927,317.645
18.225,18.25,274.262,258.003
18.2375,18.2625,242.592,215.489
18.25,18.275,216.633,197.944
18.2625,18.2875,199.126,183.476
18.275,18.3,193.736,164.477
18.2875,18.3125,167.334,138.074
18.3,18.325,140.979,122.303
18.3125,18.3375,134.004,118.547
18.325,18.35,147.016,111.463
18.3375,18.3625,154.736,109.612
18.35,18.375,132.637,101.012
18.3625,18.3875,111.387,97.0346
18.375,18.4,109.874,97.1129
18.3875,18.4125,111.771,105.668
18.4,18.425,110.042,105.891
18.4125,18.4375,115.004,105.022
18.425,18.45,141.952,123.97
18.4375,18.4625,172.062,152.767
18.45,18.475,199.843,185.163
18.4625,18.4875,208.689,199.343
18.475,18.5,181.218,180.178
18.4875,18.5125,135.935,138.266
18.5,18.525,97.804,118.895
18.5125,18.5375,90.0922,109.274
18.525,18.55,92.1162,107.254
18.5375,18.5625,78.2572,99.6772
18.55,18.575,71.7454,79.9957
18.5625,18.5875,94.4242,90.3577
18.575,18.6,96.0497,88.3751
18.5875,18.6125,79.3318,72.6559
18.6,18.625,79.271,78.3155
18.6125,18.6375,74.943,76.0744
18.625,18.65,84.6244,71.0353
18.6375,18.6625,88.302,84.2092
18.65,18.675,99.0847,95.4155
18.6625,18.6875,93.1851,94.3478
18.675,18.7,75.5418,89.5098
18.6875,18.7125,98.2319,92.8049
18.7,18.725,95.0828,86.3658
18.7125,18.7375,72.7453,82.4347
18.725,18.75,71.7918,78.1343
18.7375,18.7625,84.0209,68.8663
18.75,18.775,84.1625,73.3683
18.7625,18.7875,87.9628,71.527
18.775,18.8,101.729,74.5435
18.7875,18.8125,97.4805,89.5548
18.8,18.825,88.0954,85.0696
18.8125,18.8375,86.233,76.5189
18.825,18.85,97.4878,77.0559
18.8375,18.8625,97.2908,88.2189
18.85,18.875,84.7748,93.4748
18.8625,18.8875,94.5096,80.6986
18.875,18.9,91.5264,85.1973
18.8875,18.9125,85.7086,84.2368
18.9,18.925,90.2443,78.649
18.9125,18.9375,99.6097,90.8476
18.925,18.95,110.749,95.0865
18.9375,18.9625,95.8979,77.9686
18.95,18.975,78.7031,57.3397
18.9625,18.9875,79.9228,66.8492
18.975,19,80.8665,77.1761
18.9875,19.0125,86.7331,74.6446
19,19.025,85.3202,79.2402
19.0125,19.0375,86.3261,81.2962
19.025,19.05,146.012,113.054
19.0375,19.0625,160.743,129.477
19.05,19.075,125.093,110.615
19.0625,19.0875,127.814,104.832
19.075,19.1,123.656,101.681
19.0875,19.1125,110.146,99.7927
19.1,19.125,115.703,98.4523
19.1125,19.1375,120.397,101.202
19.125,19.15,123.582,100.247
19.1375,19.1625,102.084,91.0605
19.15,19.175,102.261,104.141
19.1625,19.1875,111.394,119.823
19.175,19.2,95.4469,102.77
19.1875,19.2125,103.812,89.0676
19.2,19.225,93.6397,88.8267
19.2125,19.2375,67.0381,75.8895
19.225,19.25,78.5761,77.5639
19.2375,19.2625,86.1338,81.9057
19.25,19.275,76.2562,77.3865
19.2625,19.2875,76.8018,71.5619
19.275,19.3,72.5906,67.2962
19.2875,19.3125,74.161,69.1713
19.3,19.325,83.9731,74.1305
19.3125,19.3375,74.9638,73.3325
19.325,19.35,61.2504,63.5674
19.3375,19.3625,58.8024,53.4544
19.35,19.375,61.8209,58.2704
19.3625,19.3875,59.8235,59.8121
19.375,19.4,60.2506,60.8865
19.3875,19.4125,66.8877,61.8204
19.4,19.425,68.8836,67.162
19.4125,19.4375,69.5113,64.0055
19.425,19.45,134.436,123.266
19.4375,19.4625,141.014,130.911
19.45,19.475,83.8687,75.8208
19.4625,19.4875,77.5434,63.1776
19.475,19.5,73.4518,60.9504
19.4875,19.5125,59.3892,60.7895
19.5,19.525,58.0857,58.186
19.5125,19.5375,60.4751,58.9103
19.525,19.55,58.4384,56.4372
19.5375,19.5625,59.5169,54.1377
19.55,19.575,56.3714,50.8974
19.5625,19.5875,54.0692,47.9362
19.575,19.6,49.7658,51.4322
19.5875,19.6125,45.8787,52.7616
19.6,19.625,52.2542,49.0097
19.6125,19.6375,56.8353,51.0644
19.625,19.65,57.9855,54.6856
19.6375,19.6625,52.3058,56.5582
19.65,19.675,49.4381,56.6703
19.6625,19.6875,49.4774,53.7613
19.675,19.7,53.0894,52.4849
19.6875,19.7125,59.4368,52.3057
19.7,19.725,55.0477,49.4676
19.7125,19.7375,49.0946,47.6
19.725,19.75,47.2707,48.9901
19.7375,19.7625,45.097,52.4272
19.75,19.775,43.9188,52.0714
19.7625,19.7875,45.7052,57.5421
19.775,19.8,46.7807,60.7827
19.7875,19.8125,1744.81,1831.42
19.8,19.825,1840.01,1971.22
19.8125,19.8375,651.33,771.972
19.825,19.85,403.38,347.782
19.8375,19.8625,332.604,297.013
19.85,19.875,231.107,234.349
19.8625,19.8875,218.38,206.884
19.875,19.9,197.053,179.421
19.8875,19.9125,170.525,151.52
19.9,19.925,145.491,133.44
19.9125,19.9375,121.711,122.921
19.925,19.95,122.332,110.213
19.9375,19.9625,107.024,103.495
19.95,19.975,242.048,285.856
19.9625,19.9875,488.212,535.644
19.975,20,489.909,558.808
19.9875,20.0125,629.146,652.954
20,20.025,604.454,582.983
20.0125,20.0375,200.519,150.286
20.025,20.05,156.731,130.405
20.0375,20.0625,313.922,231.037
20.05,20.075,374,273.586
20.0625,20.0875,341.197,301.715
20.075,20.1,748.61,756.052
20.0875,20.1125,716.42,731.246
20.1,20.125,193.862,194.53
20.1125,20.1375,187.303,174.375
20.125,20.15,178.789,166.782
20.1375,20.1625,163.141,149.866
20.15,20.175,165.448,134.384
20.1625,20.1875,261.642,298.084
20.175,20.2,332.274,399.899
20.1875,20.2125,289.64,315.822
20.2,20.225,206.162,194.669
20.2125,20.2375,165.605,169.157
20.225,20.25,153.612,145.058
20.2375,20.2625,157.879,153.314
20.25,20.275,120.494,129.963
20.2625,20.2875,86.0185,83.7965
20.275,20.3,88.4177,89.7697
20.2875,20.3125,86.7754,96.5159
20.3,20.325,93.6815,100.103
20.3125,20.3375,106.476,111.289
20.325,20.35,181.375,155.533
20.3375,20.3625,208.758,177.111
20.35,20.375,222.888,169.459
20.3625,20.3875,780.951,664.824
20.375,20.4,825.554,797.571
20.3875,20.4125,366.975,488.301
20.4,20.425,211.212,200.568
20.4125,20.4375,144.133,134.709
20.425,20.45,127.93,126.228
20.4375,20.4625,379.445,308.694
20.45,20.475,3755.54,3693.2
20.4625,20.4875,3782.01,3708.54
20.475,20.5,740.002,665.244
20.4875,20.5125,578.14,627.152
20.5,20.525,462.075,503
20.5125,20.5375,398.11,432.328
20.525,20.55,320.011,352.395
20.5375,20.5625,257.893,279.176
20.55,20.575,227.994,235.708
20.5625,20.5875,189.345,172.763
20.575,20.6,154.446,158.708
20.5875,20.6125,139.077,142.347
20.6,20.625,118.173,125.184
20.6125,20.6375,124.678,146.622
20.625,20.65,135.606,157.495
20.6375,20.6625,106.505,127.695
20.65,20.675,80.5007,96.3266
20.6625,20.6875,76.8755,86.7021
20.675,20.7,113.927,118.668
20.6875,20.7125,372.58,378.553
20.7,20.725,371.278,374.176
20.7125,20.7375,118.862,111.273
20.725,20.75,119.077,117.326
20.7375,20.7625,295.357,295.323
20.75,20.775,285.676,291.276
20.7625,20.7875,105.149,118.316
20.775,20.8,100.465,101.687
20.7875,20.8125,73.2207,67.3856
20.8,20.825,69.6728,65.881
20.8125,20.8375,107.894,112.662
20.825,20.85,111.443,114.544
20.8375,20.8625,68.6908,73.0574
20.85,20.875,62.3958,73.8839
20.8625,20.8875,71.5832,75.8773
20.875,20.9,73.6391,78.7791
20.8875,20.9125,78.0772,75.0859
20.9,20.925,86.034,65.1694
20.9125,20.9375,82.0525,64.1862
20.925,20.95,80.9217,60.2822
20.9375,20.9625,76.1267,57.1228
20.95,20.975,83.2761,59.8555
20.9625,20.9875,83.9028,58.7274
20.975,21,72.3898,64.86
